Conversation,Labels,Type,Question,Answer
话题,,,开场,5
话题,,,要求,4
话题,,,铺垫,3
话题,,,感情,3
话题,,,吃,5
话题,,,女朋友,1
话题,,,消除女生眼里的负面形象,1
话题,,,心情,4
话题,,,睡觉,6
话题,,,之间的关系,1
话题,,,聊天,8
话题,,,冷读,5
话题,,,美貌,6
话题,,,天气,0
话题,,,时间,0
话题,,,地方,0
话题,,,观念,0
话题,,,歌,1
话题,,,生病,1
话题,,,前任,1
话题,,,主动,2
话题,,,减肥,3
话题,,,工作,0
话题,,,宠物,1
话题,,,无聊,1
话题,,,约会,2
话题,,,生气,0
话题,,,名字,1
话题,,,观念,1
话题,,,烦,0
女生,,,承诺加上了希望才会带来伤害,0
女生,,,上辈子你也是这样说的,0
女生,,,有一种跟女朋友承认错误的即视感,0
女生,,,想看你生气的样子，认识你这么久，还从来没有看过你生气的样子,0
女生,,,我仿佛感受到了什么陏谋,0
女生,,,哈哈，不是工作上的事情，是上次我看到你背的包还挺好看的，不是快母亲节了吗，我想买一个送我妈,0
女生,,,你有没有过白天吵架没吵赢，晚上气的睡不着的时候,0
女生,,,给我唱歌的人心情都会变好,0
女生,,,你不捣蛋的话，咱俩可以比比谁更会哄人入睡,0
女生,,,这个得怪你,0
女生,,,"如果你是下一任, 我当然会更浪漫, 如果你是前任, 那我就只能念旧了",0
女生,,,看你每天发的照片就够了，求你不要再打扮的那么漂亮了，给你的朋友圈其他女生留点自信吧,0
女生,,,那你可不要记仇哦，我知道你是天蝎座,0
女生,,,有时候我真的很心疼你。。。一个女人带着孩子还有父母要赡养,0
女生,,,如果一朵玫瑰都觉得自己长得一般，那我这个仙人掌情何以堪呢,0
女生,,,想不到你是一个蛮憧生活的女人,0
女生,,,我刚刚在8点06分的时候想了一下你,0
女生,,,这样吧，我们来打个赌,0
男生,(purple),,根据男人的第七感,0
男生,,,自己创业，什么事都是亲力亲为，算命的说我是操心命,0
男生,,,既然如此我就去做孩子王,0
男生,,,（肯定→挑战欲）你成功激起了我的保护欲，说的我都有点心动了,0
男生,(purple),,我人生有两个大爱好，其中一个是美食,0
男生,,,我这个人比较慢热,0
男生,,,我跟不喜欢的人不会有什么交集,0
男生,,,可能是我太过稚嫩的爱，让你觉得有压力，但是你要明白，那并不是我的本意,0
男生,,,我都开始屏住呼吸了,0
男生,,,可能我长得太像渣男了，女孩子都不信任我,0
男生,(purple),,其实我确实挺花心的，因为你的每个样子我都喜欢,0
男生,,,（肯定→挑战欲）你成功激起了我的保护欲，说的我都有点心动了,0
男生,,,（保护自己→表达真诚）套路的目的都是为了在一起，我继续努力，你慢慢配合，就刚刚好,0
男生,,,但是这个话题本质还是挺伤感的,0
男生,,,我仿佛感受到了什么陏谋,0
男生,,,"我会找新鲜感, 在成都和丽江肯定不一样啊，冬天的肉肉和夏天的苗条也不一样, 远远的看着你和早上在枕头边看着你也不一样",0
男生,,,如果我主动能让你心跳加速，那就换我来,0
男生,,,我就像一只流浪狗,0
男生,,,你看我是不是给你省钱了,0
男生,,,无聊综合症患者的沽愈师,0
男生,,,四川混重庆的一名混血男孩,0
男生,,,看看其实你是想看戏还是想和我看戏,0
男生,,,我是不想让你那么快得到我,0
男生,,,我会找新鲜感,0
男生,,,跟你聊天的感觉真好，可惜现在还不是跟你很熟，要不然我一定去约你,0
男生,,,严重鄙视表情回复我,0
男生,,,如是这里没有人的话，我就要亲你了，我只是说说开玩笑而已，不至于尴尬冷场,0
男生,,,你还在考察期，改天找个机会来认真的考察一下,0
0,(purple),,每个人关心的都是自己,0
0,,,头像挺可爱的,0
0,,,谢谢,0
0,,,来个备注吧小可爱,0
0,,,小倩,0
0,,,在下宁采臣，总算找到姑娘了,0
0,,,哈哈，你好幽默啊,0
0,,,有趣只是我其中一个优点而已,0
0,,,那你还有什么优点,0
0,(purple),,兴趣爱好,0
0,,,你周末一般做么,0
0,,,逛逛街，吃好吃的看看书，听听歌之类的,0
0,(red),question,如果我没猜错的话，你最大的兴趣爱好是吃,0
0,,,这都被你发现了，不过现在吃胖了不敢吃了,0
0,(red),question,你身材挺苗条的呀，我猜最多90斤,0
0,,,哈哈哈，以前90斤，现在都快100了,0
0,(red),question,看不出来你还挺会藏肉啊,0
0,,,哈哈哈，对啊，我闺蜜也这样说我,0
1,(green),answer,你要岀来吗,0
1,(red),question,主要我们出来干嘛呢，我俩也不熟啊,谁说出来玩就一定是要谈对象啊，我只是想跟你交个朋友，你不要想太多，多认识点朋友也无妨嘛，不用太警惕啦. （铺垫）其实加你，确实是觉得你很善良有爱心，我承认我心动，不过感情是两个人的事情，一厢情愿的事情我不做，所以就想试试，不加的话我可能会一直遗憾
1,(red),question,刘医生，谢谢你这么直接，但是我们可能不是佷合适,（转移话题）高三的时候有一次考试我只考了78分，但下一次考试我拿了满分，你知道为什么吗
1,(red),question,为什么,因为卷子发下来之后，老师跟我说了很久这几道题错了，到底错在哪里，怎么答才对
1,(red),question,哈哈哈，你可是个大医生唉，而我只是个小护士,（应对）鳄鱼都会需要小鸟帮忙剔牙，我并不觉得真正的感情会因为这些东西变质。 再说了，我也不算什么鰐鱼，我觉得靠自己的本事，在这个世界上独立生存都很了不起
1,转移话题,,话是这样说，可是生活是生活呀，你的生活品质肯定比我好，我们在一起的话会拉低你的生活品质的,（转移话题）200 加 50 等于几
1,(red),question,二百五,对啊，就算我是200，你是50，咱俩加起来只会更多，哪有变少的道理. 对啊，就算我是200，你是50，咱俩加起来只会更多，哪有变少的道理. 所以我们可以一起做两个快乐的250
1,(red),question,哈哈哈，之前没看岀来你这么会说话,之前我也没看出来你这么喜欢笑呀
1,(red),question,喜欢笑不好吗,（夸赞）当然不是，在医院我看过太多的皱眉和眼泪了，说以每次看到你笑，我都会觉得很开心很温暧
1,(red),question,哈哈哈，说的我都害羞了,答应我，以后也要每天保持微笑哦
1,(red),question,尽力尽力,当然了，如果偶尔有想哭的时候，我知道天台有一个地方，是我的秘密基地，你可以尽情的去发泄
1,(red),question,真的？天台能上的去的呀,当然了，以后我就和你一起共享了，你可不许告诉别人哦
1,(red),question,（吃醋）我才不会，倒是你，肯定还会跟其他小妹妹讲吧,那要看你乖不乖了，对了，我还知道市里有一个解压馆，真的挺有用的，下次带你一起去
2,,question,你是那里人,四川混重庆的一名混血男孩. 你呢?
2,,question,哈哈哈那我是江苏混四川的一名混血女孩,不错，将来还能发生点细水长流的三国混血故事
2,,question,你是不是遇到每一个女生都这么撩的,你夸夸我就告诉你
2,,,我才不要你赶紧说,我回答的真不真诚取决于你真不真诚
2,,,你确定不夸夸我? 你真帅,我是一个有品位的人，从来不乱撩，撩你是因为混血女孩触动了我. 这个得怪你
3,(green),answer,哈喽，好友验证说，我们可以开始聊天了,哈哈哈，我不知道该说什么
3,(green),answer,"那可以看看，咱谁先把话题聊崩, 聊不下去那个人请喝奶茶",那我肯定要输了
3,(red),question,对了，还不知道你叫什么呢,"叫我xxx, 现在算认识了, 至于认识的程度，得看我们自由发挥了"
3,(red),question,可是我不太会聊天诶,"我也说不太准，有些时候会聊，有些时候不会, 可能取决于和我聊天的人是谁吧"
3,(red),question,油嘴滑舌，撩过不少小姐姐吧,不像你，都是被撩
3,(red),question,哈哈哈，那你谈过几个女朋友,"我谈过两个，第一次让我懂得了什么是责任, 第二个让我懂得了如何经营感情，这些经历让我对下一段感情更有信心"
3,(red),question,我觉得男生应该多谈几段恋爱，才能更成熟,"人的精力是有限的，就好像你写作文，交上去之后老师嫌你字迹潦草，让你重写. 一次两次还好，但是次数多了，你就麻木了，就算你最后写好了，那也一定不是你心中满意的答案.

所以说比起那些来的快去的也快的感情，我还是觉得认定了一个人，就是一辈子的感情更加浪漫.

渣男就是只求数量不求质量的，我相信你也不会喜欢渣男吧"
3,(red),question,"呸，谁会喜欢渣男

不过你付出那么多时间精力的人，真的能忘记吗","过去的事情就让它过去吧，我觉得每一次经历都是一段成长

比起纠结的事情，不如珍惜当下的时光，吃顿火锅来的愉快，你看周六还是周日"
3,(red),question,"啊，这不好吧

我们不熟","虽然我们才认识了几天, 但内心的感受告诉我，错过了将会是一种遗憾"
4,,,这餐厅的巴西菜很不错啊,0
4,,,看上去好好吃,0
4,,,就在公司附近那边，有机会的话下次带你来吃,0
4,,,再说吧,上次是我不对，吓到你了，对不起
4,,,没关系啊，我只是有点没反应过来，有点懵，哈哈,那你可不要记仇哦，我知道你是天蝎座
4,,,哈哈哈，你既然知道我是天蝎座，那我肯定要记仇的呀,那我要怎么做你才不记仇
4,,,你自己想呗,那下次再看电影的吋候，我把自己的手绑起来
4,,,可以，建议打个死结,哈哈，开玩笑的，以后我们还是少出去玩吧，不然下次万一你就不只是屏蔽我朋友圈，而是把我直接删了怎么办
4,,,我就是前段时间心情不好，你别生气啊，我权限打开了,我下个月可能去看演唱会
4,,,真的徦的，我也好想去,哈哈，那你问问有没有朋友一起去吧，我已经约好人了
4,,,好吧，那只能等下次了,你明天下班干啥
4,,,没啥啊，就回家躺着呗，看看剧什么的,本来说顺路送你回家的，不过我朋友让我明天去给她过生日，可能来不及
4,,,哦，你去呗，我打个车回去就行,没事，我先送你回去，再过去也行，而且如果你想逛逛街，或者吃点好吃的，我就把那边推了
4,,,这样不好吧，你朋友会不会不开心,你开心就行了
5,,,怎么了，你要请我吃饭啊,那不会，毕竟连名字都不知道呢，邀请函都没法写
5,,,哈哈哈，xxx,我以前叫xx
5,,,那现在叫什么,现在叫杨洋的小哥哥
5,,,"哈哈哈，挺会啊

你是不是聊过很多小姐姐",以前年少无知，希望套路可以博得女生喜欢，现在更希望收货一份真诚的爱情
5,,,真正的爱情可不是那么容易的,是啊，我淡过两段，周围的朋友都说还不够
5,,,我怎么看你不止两段,那你觉得我应该多少算合适呢
5,,,"哈哈哈, 说不过你",你乖一点，我让着你
5,,,怎么才算乖呢,比如夸夸我
6,,,看多了就腻了,我看不腻
6,,,真的吗,假的
6,,,呵，男人,我会找新鲜感
6,,,比如说来听听,在成都和丽江肯定不一样啊，冬天的肉肉和夏天的苗条也不一样
6,,,然后呢,远远的看着你和早上在枕头边看着你也不一样
6,,,呵，最后那句才是重点吧,瞧你说的，好像我是个色狼一样
6,,,难道不是,我澄清一下
6,,,嗯哼,那不是谣言
6,,,哈哈哈,我不抽烟不喝酒就好个色难道有错吗
6,,,你这个人还挺有意思,你眼光不错
6,,,这么臭美的不禁夸,就怕你夸着我当真了
6,,,那我不夸了,真乖
6,,,"哈哈哈, 你还不睡觉吗",想东西呢
6,,,一天天东想想西想想，明天又起不来了,我在想你为什么钻进我的脑袋里不肯出来
6,,,原來在脑袋里不是心里,"贪心

心里面要放工作的事情"
6,,,那我还是从你的脑袋里面跑出来吧，让你的脑袋去想其他的东西,那我就把你赶出去
6,,,人呢,终于忙完了，我都饿了
6,,,我也是，好想吃宵夜又怕长胖,我有一个办法可以让你狂吃不胖
6,,,什么办法,跟我一起吃，胖了我带你减肥去
6,,,听起来不错,心动不如行动，比如明天晚上
9,,opener,,"你好，这是你的好友

如果你正好也有空请扣1

如果有被打扰到请扣2

如果正在忙等会联系请扣3"
9,,,刚才在忙,没事，刚才我也在看书
9,,,真没想到，你还喜欢看书呢,没想到，我在你的眼中难不成是个不用学习就什么都会的天才
9,,,"哼，哪有你这么自恋的

之前看你说话和你的工作，还以为

你看的哪种书，不会是那种吧",对啊，就是那种书，不然看的哪种
9,,,果然，变态,"看红日，怎么了？

最近不是流行就看红书吗

那你平时喜欢看什么呢"
10,,opener,,朋友圈那只二哈是你养的吗
10,,,对呀，怎么了,0
10,"(green), (purple)",,,"我家柯基前段时间失恋了，天天以泪洗面，泪沟都被它哭出来了

是不是得给它重新找个小母狗啊"
10,,,"这么夸张怎么可能

有的狗狗本来泪水就多，属于遗传

柯基的话应该是狗粮的问题

你要多注意一下",0
10,,,,我倒是觉得你那个二哈更好玩，要不要明天一起遛狗？交流交流铲屎经验
10,,,是有点严重，不过你这柯基挺可爱啊,我倒是觉得你那个二哈更好玩，要不要明天一起遛狗？交流交流铲屎经验
10,,,没有想到你本人还挺能说，有点惊喜的感觉,不要爱上我
10,,,以前怎么没发现你这么自恋,我不是对每个人都这样
10,,,那你为什么,请我吃饭，我就告诉你
10,,,我也突然没那么好奇了,哎我好像发现了你一直单身的原因
10,,,什么原因,请我吃饭我就告诉你
11,(purple),opener,,感觉你很喜欢这个小孩
11,,,难道你不觉得很可爱吗,突然很好奇，你谈恋爱会是什么样子
11,,,喽，为什么好奇我谈恋爱的样子,0
11,(red),question,不知道谈恋爱是不是也会这么可爱，毕竟撒娇的女人最好命嘛,0
11,,,哈哈哈，那也只对男朋友撒娇,0
11,(red),question,（肯定→挑战欲）你成功激起了我的保护欲，说的我都有点心动了,0
11,,,我怎么感觉你说心动是个套路,0
11,(green),answer,（保护自己→表达真诚）套路的目的都是为了在一起，我继续努力，你慢慢配合，就刚刚好,0
11,,,我喜欢,0
11,,,一个表情包的夸奖，略显片面了吧,0
11,,,人也不错,0
11,,,那今晚可以见见，再确定一下能不能吃到一块去,0
11,,,你不是知道我喜欢吃日料吗,0
13,,,学会围绕相识场景找话题,0
13,,,共同经历就是你最好的聊天素材,0
13,,,你门是怎么认识的,0
13,,,你当时对她是什么印象,0
13,,,是什么契机让你想要认识人家,0
13,,,哎我记得咱们第一次见面那天，你唱了一首告白气球还蛮好听的，你也喜欢周杰伦吗,0
13,,,对啊，我从初中就开始喜欢他了,0
13,,,上次还没来得及合唱一首，有机会一起唱一首安静吧，哈哈,0
13,,,可以,0
13,,,所以唱歌好听的小姐姐，平时还喜欢干嘛呀,0
13,,,逛街看书跳舞吧，你呢,0
13,,,吃饭了,0
13,,,哇，看着都好有食欲，这是哪,0
13,,,我在杭州出差,0
13,,,害，我们干销售的，可不得老去拜访客户，你呢，最近忙什么呢,0
13,,,你不会忙到现在，还没有吃饭吧,0
13,,,还好吧刚吃,0
13,,,那就好，注意身体啊，别像我一样，因为工作忙，胃都有些不好了，我前段时间还想自己做点饭吃，这段时间难了,0
13,,,哎哟，你还会做饭呢,0
13,,,怎么了你还不信，改天给你露两手,0
13,,,哈哈好呀，期待伱的厨艺哦，,0
14,(green),answer,"完了,我发现我们每天的聊天就和写日报一样,相互汇报工作",0
14,(red),question,"哈哈有吗我刚从超市回来,做了碗牛肉面吃",0
14,(green),answer,"你怎么知道我也喜欢吃,看看你做的",0
14,(red),question,不好看但味道应该还可以,0
14,(green),answer,没关系，给你时间摆摆盘,0
14,(green),answer,"真乖,看你今天这么辛苦, 可以奖励一下",0
14,(red),question,啥奖励呀，有点好奇,0
14,(green),answer,"哈哈别太好奇,万一失望了我很尴尬",0
14,(red),question,哈哈给点小提示,0
14,(green),answer,下次见面不就知道了,0
14,(red),question,你这是吊足了胃口啊,0
14,(green),answer,"你别慌啊,可能是我把气氛搞得太神秘了,主要是觉得我们之前聊天太无聊,哈哈与其每天打字聊天,不如每天互相分享彼此的生活",0
14,(red),question,"我昨天失眠了,半夜睡醒了睡不着",0
14,(green),answer,"那今天早点睡觉,明天打扮的美美的一起见面",0
15,,,你好,0
15,,,你好,0
15,(green),answer,咱俩的对话略显官方了,0
15,,,那应该怎么样,0
15,,,男生应该热情一些,0
15,,,当然我也不介意你俏皮一些,0
15,,,哈哈哈刚认识不熟,0
15,,,官方正式一点好,0
15,,,正式到该走的流程,0
15,,,一件都不会落下的那种吗,0
15,,,比如什么流程,0
15,(green),answer,目前被你允许的也只能是相互了解一下， 当然了是在大家都不贪心的前提下,0
15,,,哈哈哈我可以拒绝吗,0
15,,,当然可以拒绝,0
15,(green),answer,但是拒绝无效,0
15,,,我妈说不让我跟太霸道的人玩,0
15,,,那她有没有告诉你,0
15,(green),answer,能抓紧的就别放手,0
15,,,你这是在暗示我什么吗,0
15,(green),answer,为了我们的清白也只能暗示,0
15,,,你这回答好可爱,0
15,(green),answer,可爱到你看剧，我在旁边负责剥瓜子的那种吗,0
15,,,这个可以有,0
15,,,这段时间胖了,0
15,,,瘦下来可以见见,0
15,(green),answer,胖了有人负责就行,0
15,,,我就不说我不介意这种客套话,0
15,,,嗯哼谁负责,0
15,,,自己长胖了别人怎么负责,0
15,(green),answer,这就得看你把男朋友的权利放给谁了,0
15,,,在对的人眼里,0
15,,,管住嘴和迈开腿他都会陪你,0
15,,,哈哈哈那你今晚要陪我一起锻练嘛,0
15,,,好啊,0
16,(red),question,得跟你说一声抱歉,0
16,,,啊,0
16,(green),answer,让你等了这么久,0
16,,,好友验证说我们可以聊天了,0
16,,,大夏天的陌生人到好友之间， 应该只差一个姓名和一只冰棍了,0
16,,,哈哈哈,0
16,,,刚去看了你的朋友圈,0
16,,,唉我朋友圈三天可见,0
16,,,没什么好看的呀,0
16,(green),answer,本来想看看照片夸夸你的,0
16,(green),answer,现在只能靠想象了,0
16,,,没有照片怎能想象,0
16,,,你想象中的我是什么样子,0
16,,,我看你性格这么外向,0
16,,,一定是射手座的吧,0
16,,,啊你怎么知道的啊,0
16,,,这个星座的女生性格都很好啊,0
16,(red),question,不是说好看的人都先说话吗,0
16,,,啊没有啊,0
16,,,刚刚在忙,0
16,,,原来你也觉得我好看,0
17,(red),question,我发现我们有种默契， 你不说话我也沉默,0
17,,,这算什么默契嘛,0
17,,,知道名字就不算陌生人了,0
17,,,恭喜我们又多了一位素未蒙面的朋友,0
17,,,今天心情好吗,0
17,,,"听说女生心情差的时候, 男生做什么都是错的",0
17,,,心情还行的话,0
17,,,那我就可以放心的和你聊天了,0
18,(green),answer,刚刚不小心刷朋友圈看到你照片了，照片看着挺暧的，聊天却这么高冷，还挺反差,0
18,,,谢谢,0
18,,,我只是不太喜欢说话,0
18,(green),answer,給人一种生人勿近的感觉，看来大部分男生对你也是只远观不接触,0
18,,,我属于那种明知山有虎 偏向虎山行的那种,0
18,,,你才是,0
18,,,不过在我看来，高冷的女生都是爹生娘养的，内心都有脆弱的一面，只是不为人知罢了,0
18,,,正确,0
18,(green),answer,这么高冷在我们幼儿园是要挨揍的,0
18,,,哈哈哈,0
18,(green),answer,社交法则第一条，聊天不超过三个字，会单身一辈子,0
18,,,我还真是单身,0
18,(red),question,那就不奇怪了，我发现我们有个共同点,0
18,,,什么共同点,0
18,,,看起来孤僻，活少，内心却很敏感，实则活得很通透,0
18,,,哈哈对,0
18,,,不过能被这种人放在心里喜欢上，每天下班我们一起做饭，一起收拾家里，然后养一只猫，那种生活可真是太幸福了,0
18,,,通透，不过我不敢吃了，怕长胖,0
18,,,我有一个办法，让你随便吃，还不长胖,0
18,,,什么办法,0
18,(green),answer,下次跟我一起吃，我监督你，胖了咱俩一起减肥去,0
18,,,哈哈好啊，那我谢谢你了,0
19,,,和你认识一个月了,0
19,(red),question,我发现我们有一个共同点,0
19,,,啥,0
19,,,你去过的那家甜品店，我也去过,0
19,,,我常吃他们家做的慕斯蛋糕,0
19,,,"看你拍的那张吃蛋糕的照片, 拍得很有气质啊",0
19,,,闺蜜拍照技术好吧,0
19,(red),question,仔细看还有一颗痘痘没有P掉,0
19,,,哼哪有,0
19,(green),answer,被我说中怎么还撒起娇来了,0
19,,,本来就没有,0
19,,,你的照片看着好丑啊,0
19,,,是呀，跟朋友喝酒都不用多喝,0
19,,,直接照镜子吐就完了,0
19,,,哈哈哈,0
19,,,不逗你了,0
19,(green),answer,不过你吃这么多蛋糕，怎么身材还这么苗条,0
19,,,嘻嘻，是啊,0
19,,,你看着感觉比我还瘦,0
19,,,是啊，我旅游都没有买机票的,0
19,,,风一刮直接就过去了,0
19,,,哈哈哈,0
19,(green),answer,笑点这么低,0
19,,,我都还没有放大招呢,0
19,,,那你放给我看看,0
21,(green),answer,怎么了这几天都不理我了是不是外面有別的狗了,0
21,,,是呀刚刚有个男的说喜欢我呢,0
21,,,啊我说过吗,0
21,,,我说是你吗,0
21,,,那你希望是我吗,0
21,,,哼你说我不理你那你几天也不理我呀,0
21,,,说你现在是不是外面有人了,0
21,,,是呀一大群呢,0
21,,,吥不要再和我联系了,0
21,(red),question,我这几天都到处去几很多客户不过就好像少了什么,0
21,,,少了什么,0
21,(green),answer,少了一个对我忽冷忽热的人，少了那个我又喜欢但是不敢跟他讲的人,0
22,,,咱俩这频率交通下去，离拼夕夕砍一刀的关系差不多了,0
22,,,哈哈对不起嘛,0
22,,,所以爱是想触碰又收回的手吗,0
22,,,笑死😆,0
22,(green),answer,不过不回消息这个高冷劲也挺好,0
22,,,为啥,0
22,(green),answer,以后谁做你男朋友，都会很有安全感，至少你这么高冷，别人撩不动,0
22,,,你是在夸我吗,0
22,(green),answer,替你未来的男朋友夸夸你，顺便替他奖励你一个棒棒糖,0
22,,,那你为什么老是找我聊天呀,0
22,,,就是想看看，咱俩这个频率聊到看电影需要多久,0
22,,,那为什么要约我看电影,0
22,(green),answer,主要是不想便宜你未来男朋友，看看能不能截个胡,0
23,,,你好，那次我们在电梯里面碰到过,0
23,,,你好，请问有什么事？你们部门对接的东西，我都已经做完发过去了,0
23,,,哈哈，不是工作上的事情，是上次我看到你背的包还挺好看的，不是快母亲节了吗，我想买一个送我妈,0
23,,,我背的包送给你妈妈吗？哈哈哈，怎么感觉像是在你说我眼光老气,0
23,,,哈哈哈，怎么可能呢，平时我和我妈出去，别人都以为我们是姐弟呢,0
23,,,那阿姨还蛮新潮的，你等等我，我找找链接哈,0
23,,,我在网上买的，这是连接,0
23,,,是呀，马上就要母亲节了，小时候她照顾我，现在也该换我照顾她了,0
23,,,哈哈我都忘记了,0
23,,,我小时候做的傻事也都是我妈在后面给我擦屁股,0
23,,,什么样的傻事，说来听听,0
23,,,哈哈告诉你可以，不能告诉别人哟,0
24,,,王哥，帮我,0
24,(red),question,你这有些让我失望了,0
24,,,怎么了,0
24,,,前两天还夸你聪明呢，看来你的悟性还是不够啊,0
24,,,我还是很聪明的好不好，就是正常操作死活都不行啊,0
24,,,谢谢,0
24,,,谢谢可不够,0
24,,,还想要什么,0
24,(red),question,我人生有两个大爱好，其中一个是美食,0
24,,,你觉得我真的是温柔可爱的女生吗,0
24,(red),question,你这是在质疑我独一无二的眼光咯,0
24,,,哈哈哈，没有没有,0
24,,,我只是想说，我在你眼里是不是也很独特,0
25,(red),question,我突然发现,0
25,,,你这个人很酷,0
25,,,？,0
25,,,哪里酷啦,0
25,,,特别沉的住气,0
25,(green),answer,能忍好几天都不跟我说话,0
25,,,不知道跟你聊什么,0
25,,,"聊什么都行啊, 天文地理我都有在研究",0
25,,,你研究啥了,0
25,,,研究怎么拜如来为师,0
25,,,你要干什么,0
25,,,学了他的一招半式以后， 你就逃不出我的五指山了,0
25,,,哈哈,0
25,,,所以我是孙悟空咯,0
25,,,不过呢,0
25,,,你跟孙悟空不一样,0
25,,,？？？,0
25,,,孙悟空住在山里,0
25,,,而你住在我的心里面,0
25,,,这么能说,0
25,,,不知道你心里住了多少人,0
25,,,怕已经没有我的位置了,0
25,,,那来我的肺里,0
25,,,为什么不是心里而是肺里,0
25,,,真没地方了？,0
25,,,这样每次呼吸都有你的陪伴了,0
26,,,走吧晚上吃饭去,0
26,,,我最近减肥就不出来了,0
26,,,你没胖,0
26,(red),question,你知道为什么我说你不胖吗,0
26,,,？,0
26,(green),answer,那是因为只要我一只手抱得动，那就不算胖,0
26,,,你想的美啊，还想抱我,0
26,,,你以为我抱不起来，如果抱不起来，晚上吃什么你定就好,0
27,,,看上去感觉很好吃,0
27,,,对呀,0
27,,,是你做的吗,0
27,,,当然是，不然是你做的吗,0
27,,,想不到你是一个蛮憧生活的女人,0
29,(green),answer,好饿啊,0
29,(red),question,饿了就去吃呗,0
29,(green),answer,太忙了今天，没空吃,0
29,(red),question,都两点了还没吃饭呢,0
29,(green),answer,吃不吃都一样,0
29,(red),question,为啥,0
29,(green),answer,如果没吃饭吗这句话算关心我的话，现在吃也不是不可以,0
29,(red),question,不吃还要怪我啊,0
29,(green),answer,确实不能怪你,0
29,(green),answer,我还得谢谢你帮了我一个忙,0
29,(red),question,啥嘛,0
29,(green),answer,正愁不知道怎么跟你聊天呢,0
29,(red),question,哈哈哈你还有点搞笑,0
29,(green),answer,原来你喜欢搞笑男,0
29,(red),question,还好吧，喜欢搞笑帅哥,0
29,(green),answer,你现在笑也没看到帅哥,0
29,(red),question,切，那就假装你是帅哥,0
29,(green),answer,那看来以后我们只能网络一线牵，珍惜这段缘,0
29,(red),question,哈哈哈也不是不可以,0
29,(green),answer,不过有一说一，我当面更搞笑一点,0
29,(red),question,真的假的,0
29,(green),answer,真的呀，不过可惜你见不到我,0
29,(red),question,为啥,0
29,(green),answer,我又不是帅哥,0
29,(red),question,哈哈哈，自信点，我想看你搞笑,0
29,(green),answer,那下午出来咯,0
29,(red),question,为啥,0
29,(green),answer,不是你要看我搞笑吗，不答应你岂不是不太礼貌,0
30,(green),answer,"今天天气好热, 想穿羽绒服出门",0
30,(red),question,你吃错药了,0
30,(green),answer,你的冷暴力比太阳还厉害，夏天都不用吹空调了，甚至还有点冷,0
30,(red),question,哈哈我可没有哈,0
30,(green),answer,你没有,0
30,(green),answer,和你聊天就像考驾照一样，每次都感觉自己没有发挥好,0
30,(red),question,哦，是吗？,0
30,(green),answer,那天本来想关心一下你的，但是发现好难啊,0
30,(red),question,为啥难,0
30,(green),answer,因为隔着屏幕的关心确实苍白无力,0
30,(red),question,我也不需要你关心,0
30,(green),answer,你说你肚子痛，我的第一想法是来伱身边照顾你,0
30,(green),answer,可我转念一想我还不是你男朋友，心疼多了怕你误会,0
30,(red),question,不用你照顾，我自己会照顾我自己,0
30,(green),answer,我送我八岁侄女去上学的时候，她也这么跟我说，那你说我能不管她了嘛,0
30,(red),question,切我又不是小孩子了,0
30,(green),answer,胡闹是因为依赖，礼貌是因为陌生，主动是因为在乎！而不联系是因为觉得自己多余,0
30,(red),question,我从来没说过你多余吧，我只是觉得跟你聊不到一块去,0
30,(green),answer,那我得谢谢你，我要是你啊，遇到这种不会说话的男生，就拿胶带把他嘴封上,0
30,(red),question,哈哈哈,0
30,(red),question,我肚子还是好痛啊,0
30,(green),answer,那你把手拿开，我给你揉揉，我看看能不能把姨妈传染给我，我小时候练过腹部碎大石，比较抗疼,0
30,(red),question,你能不能别逗我笑,0
30,(green),answer,难受的可是我的宝贝,0
30,(red),question,别乱说，谁是你的宝贝,0
30,(green),answer,别插嘴，我在跟你肚子说话呢,0
30,(red),question,我都这样了你还欺负我，你还有没有人性,0
30,(green),answer,确实我挺没人性的，你大姨妈来的时候，我厚着脸皮去问朋友红糖水该怎么调。应该怎么关心，该怎么安慰。她一定很烦我吧。在你生病说难受的时候，我晩上12点跑到药店去打扰医生睡觉。他一定会讨厌我吧。在你说无聊的时候，我像个傻子一样去网上搜索聊天话题。你还觉得我很无趣你也很讨厌我吧,0
30,(red),question,哎呀，怎么话题突然变得沉重,0
30,(red),question,我知道你对我好，开心点,0
30,(green),answer,你带我逛逛小吃街，我能开心一整天,0
30,(red),question,哈哈你就知道吃,0
31,,,我来大姨妈了，肚子好痛,0
31,(red),question,你这亲戚也真是的，趁我不在又来为难你了,0
31,,,你怎么可能会在嘛，你又不是我男朋友,0
31,,,再说了，就算你在你也没什么好的办法呀,0
31,(red),question,我在就能和它组队欺负你了呀,0
31,,,真讨厌,0
31,,,开个玩笑，既然都是亲戚,0
31,,,那我肯定精心准备一番，好好招待她,0
31,,,你想怎么交代,0
31,,,暖心红糖水加秘制滋补鸡汤,0
31,(green),answer,另外附赠师哥上门专业按摩,0
31,,,哈哈哈，被你照顾的话肯定很开心吧,0
32,,,你今天怎么提前走了,0
32,,,我大姨妈,0
32,,,小问题，天气这么热，你又不舒服，我接你出去吹吹风吧,0
32,,,外面太热了，不想出门,0
32,,,没关系，我开车到你楼下，你家附近有甜品店挺不错，还有空调，不会让你热着呢,0
32,,,那好吧，还好我还没有卸妆,0
32,,,哈哈哈好期待你的卡姿兰大眼睛,0
32,,,谢谢,0
32,,,听你说谢谢，已经没有惊喜的感觉了,0
32,,,习惯了吗，我不太会聊天,0
32,(green),answer,那等一下见面看看谁先把天聊死了，聊死的人请喝奶茶,0
32,,,那肯定是你，你就等着请奶茶吧,0
33,,,身体好点了吧,0
33,,,好多了,0
33,,,谢谢关心,0
33,,,那就好了,0
33,(green),answer,（暗示）你要是照顾不好自己的话，那个男人会担心的,0
33,,,谁呀,0
33,(green),answer,你心里知道的,0
33,,,我怎么知道,0
33,(green),answer,当然是你爸了，没人会比她更关心你了,0
33,,,你们昨天玩的怎么样,0
33,(green),answer,挺好的，就是一点不好的,0
33,,,哪里不好,0
33,(green),answer,我就是觉得，要是你在就好了,0
33,,,哈哈我在能有什么区别,0
33,,,可以跟我打麻将,0
33,,,才不要,0
33,,,开玩笑啦,0
33,(green),answer,我觉得那天风景真的很美，我不该一个人欣赏,0
33,,,你哪里一个人,0
33,,,不是还有朋友吗,0
33,(green),answer,对我而言，只要你不在，我都算是一个人,0
33,,,嘴皮子变溜了不少,0
33,(green),answer,所以你在的时候呢，我连个人都不算了,0
33,,,那你是什么,0
33,(green),answer,我是小狗， 大学时候，我就像一只流浪狗，看着你那么幸福美好，我不敢接近你，怕弄脏了你的手，后来我学会了自己洗澡，找食物，在屋檐下躲雨，建立了我自己的小窝，可是，你好像已经不在我身边了。我虽然过得比以前好很多，但还是觉得少了点什么,0
33,,,少了什么,0
33,,,少了你这只猪,0
33,,,哈哈你才是猪呢,0
33,,,你这是表白吗,0
33,,,说的对,0
33,,,现在的你还是不是当年的你,0
33,,,我也不清楚,0
33,,,所以,0
33,,,我们得见面确认一下,0
34,,,我现在有点纠结,0
34,,,怎么了,0
34,,,在网上说再多的安慰都是无济于事,0
34,(red),question,但是如果直接到你身边照顾你，又担心你会误会,0
34,,,哈哈哈，误会啥,0
34,,,是不是头特别疼，躺在床上不想动，特别想要有一个人在身边照顾你,0
34,,,头痛乏力需要人陪，那我们可以姜茶苹果看电影,0
34,,,哈哈哈，还挺实际的，但没人给我做啊,0
34,,,姜茶我可以熬，苹果我也可以买，但是电影的等你病好了我再陪你看,0
34,,,咦，你今天还挺会说话,0
34,,,你是不是对所有人都这样啊,0
34,,,毕竟隔着屏幕的安慰苍白无力，千千万万的人会说，万里挑一的人会做,0
35,,,宝宝你是不是头特别疼，躺在床上不想动，特别想有一个人在身边照顾,0
35,,,我给你买了药待会送到记得吃，还买了几包纸巾,0
35,(green),answer,千万别把鼻涕蹭床上了呀小鼻涕虫,0
36,,,"现在外面只有13度，但是我的怀里是37度, 早知道你会感冒，我就舍已为人了",0
36,,,谁要去你怀里啊,0
36,,,我也想过马上冲到你身边照顾你,0
36,,,又担心你误会，毕竟我还不是你明媒正娶的男朋友,0
36,,,你少来了，我头还痛着呢,0
36,,,我有点笨，没有照顾女生的经验,0
36,,,但是我刚才百度一下，还是显示多喝热水,0
36,,,哈哈，小感冒不碍事,0
36,,,生病了还是需要重视的，我知道你平时可能遇到问题都是一个人解决,0
36,,,但是我想，你现在肯定很难受，浑身无力，希望有个人能在身边照顾自己，所以在我面前你不用故作坚强,0
36,,,听你这么说，我突然好想我妈妈做的糖水鸡蛋,0
36,,,但是隔着屏幕的关心苍白无力，直接采取行动才是真正的关心,0
36,,,那你想怎么行动,0
36,,,给你一个大大的拥抱，再来一盆温暧的泡脚水，最后给你熬一碗甜甜的糖水鸡蛋,0
36,,,哈哈，感觉你挺会照顾人的,0
36,,,当然这也不是白做的,0
36,,,啊,0
36,,,先把照顾你的时长记下来，等你病好了，通过约会给我补回来,0
37,(blue),,下雨 》照顾 》想做坏人 〉只想对你好,0
37,,,外面雨下的好大，差点变成落汤鸡,0
37,(green),answer,你明知到外面下雨，还不替我照顾好自己，像话吗,0
37,,,哈哈谁要你来照顾了,0
37,,,除了你你还想我照顾谁,0
37,,,我可没有让你照顾,0
37,,,我可不白照顾，还不是看着跟你这么熟的份上,0
37,,,你对我到底什么感觉,0
37,(green),answer,认识你之后我只想做坏人,0
37,,,为什么,0
37,,,因为我只想对你一个人好,0
38,(blue),,难过 》屏住呼吸 〉我也是 》不知道怎么哄她 〉文字版关心还是行动版,0
38,,,我今天很难过,0
38,,,现在我已经开始屏住呼吸了,0
38,,,？,0
38,,,听说女生生气的时候,0
38,,,男生连呼吸都是错的,0
38,,,就在刚刚那一瞬间我也挺烦的,0
38,,,你在烦什么,0
38,,,有个可爱的妹妹心情不好,0
38,,,我不知道怎么去哄她,0
38,(red),question,你想要文字版的关心还是行动版的,0
38,,,文字版是什么,0
38,,,多喝热水，早点休息,0
38,,,行动版呢,0
38,,,穿越屏幕，双向奔赴,0
39,(red),question,"根据男人的第七感, 你现在应该下班了",0
39,,,嗯,0
39,,,刚下班,0
39,(red),question,"从你的嗯字, 我感受到了敷衍和不屑",0
39,,,有点心烦而已,0
39,,,听你这么一说,0
39,,,我都开始屏住呼吸了,0
39,,,为什么这么讲,0
39,,,网上不是说,0
39,,,女生心情不好的时候， 男生连呼吸都是错的吗,0
39,,,那你就憋着吧,0
39,(red),question,咱俩都憋着，这个对话框迟早要长蜘蛛网,0
39,,,也不至于,0
39,,,就是因为工作心烦,0
39,,,不想说话,0
39,(red),question,"加班到现在, 心情要是能好起来那才奇怪, 如果是我, 我就要找一个人聊聊天，换换心情",0
39,,,主要是跟你不知道聊什么,0
39,,,"确实有点, 我这个人比较慢热",0
39,,,之前有个女生,0
39,,,人家天天主动找我聊天,0
39,,,我都沒有意识到她是喜欢我,0
39,,,最后还是错过了,0
39,,,那是有点可惜,0
39,,,你一定很遗憾吧,0
39,,,其实后来一想,0
39,,,那段时光还挺美好的,0
39,,,总是在和彼此分享各种生活琐事,0
39,,,"看似无聊, 但分享欲才是喜欢最直接的表达",0
39,,,如果说未来有机会和喜欢的人一起,0
39,,,我一定会记录下来我们的点点滴滴,0
39,,,让平淡无趣的生活变得浪漫有趣,0
39,,,所以你是更浪漫呢,0
39,,,还是更念旧呢,0
39,,,那要取决于你了,0
39,,,我,0
39,,,"看你是我的下一任, 还是前任了",0
39,,,什么鬼啊,0
39,,,哈哈哈,0
39,,,"如果你是下一任, 我当然会更浪漫, 如果你是前任, 那我就只能念旧了",0
39,,,那要看你表现了,0
39,,,我对你之前的表现可没什么信心,0
39,,,"隔着屏幕影响发挥, 最好是可以边吃边聊",0
39,,,可我最近减肥哎,0
39,,,不吃饱哪有力气减肥,0
40,,,看到你说最近压力比较大，你有情绪账本吗,0
40,,,情绪账本什么意思,0
40,,,就是记录一切导致你情绪不好的事物,0
40,,,那太多了，想到好多事情就很焦虑,0
40,,,最近工作很累还要和同事领导客户接触，团团也快要上学了,0
40,,,其实你这样不好，你因为未来的事情焦虑什么都沒做，但是一直在自我消耗，所以你应该用一个情绪账本，像孩子啊父母啊都是亲密的人，可以记账，但是同事这些不重要的人就不用内耗折磨自己了,0
40,,,哈哈哈，感觉怎么像好友分组,0
40,,,那我们可以分的更清楚一点，重要情绪组，微微情绪组,0
40,,,哈哈哈，人家按照家人朋友同事分，你这按照情绪等级分,0
40,(red),question,对你这种宁愿自己受委屈也不愿意钻男人怀里的女生管用,0
40,,,这叫坚强,0
40,,,不过你这建议很好，停止内耗,0
40,,,有时候我真的很心疼你。。。一个女人带着孩子还有父母要赡养,0
40,,,谢谢。。很久没有人这样对我说了,0
40,,,突然很好奇，如果要分的话我会在那个情绪组呢？,0
40,,,你想在那个情绪组呢,0
40,,,团团和你的朋友们争宠厉害吗，容我跟她们商量一下，能不能给我挪个地儿,0
40,,,哈哈哈，我想想,0
40,,,既然是你给的建议，那就勉为其难的把你放在重要情绪圈吧,0
40,,,那么重要情绪组的特权，可不可以管理你的账本呢,0
40,,,你想怎么管理啊,0
40,,,新官上任三把火，先把导致你压力大，不开心的事情，从你的情绪账本里面删除掉,0
40,,,团团上学的事情，我会想办法，你放心好了,0
40,,,有你真好,0
41,,,感觉你情绪有点低落，发生什么事了吗,0
41,,,没事，分手了,0
41,,,所以你的想法是。。。,0
41,,,感觉没结果了吧，打算放下了,0
41,,,那给你一个过来人的小小建议，这段时间尽量避免见面,0
41,,,为什么呢,0
41,(green),answer,需要用时间去忘记的人，是经不起见面的，因为一旦见面就会重蹈覆辙,0
41,(green),answer,如果真的没法在一起，就不用再纠缠了，同一本书翻两遍，虽然会有不同的心得，但结局还是一样的,0
41,,,是挺有道理的，你怎么这么𢤦,0
41,,,没有啦，其实我也刚走出来,0
41,,,你们分开多久了,0
41,,,三个月,0
41,,,为什么分手,0
41,(red),question,这是想听故事的节奏吗,0
41,,,哈哈哈你快讲,0
41,(green),answer,"大概就是从前有个灯泡，突然有一天熄灭了，他的朋友看到了很担心他，就问他，你是钨丝断了吗，灯泡说没有啊，只是我发现有一只飞蛾, 在窗外看我好久了，朋友说那不是挺好的吗，有人看上你，灯泡说但我不是火，別让她看错了，误了别人一辈子",0
41,,,你是灯泡还是飞蛾,0
41,,,当然是灯泡了，否则我哪里需要三个月，要是被放弃的话，我可第二天就及时止损了,0
41,,,可是你就不难过吗,0
41,,,都过去了，其实感情很多时候就是这样，有时候一瞬间就会产生千万种可能，让两个本该同路的人，擦肩而过,0
41,(green),answer,所以只要曾一路同行，就值得感恩，而不是互相憎恨,0
41,,,谢谢你，我感觉好多了,0
41,(green),answer,也感谢这位深情的女子，听了这么多故事，转身一句就把我打发了,0
41,,,哈哈哈，那这位公子就说我该怎么办,0
41,,,害，简单，下次请我喝咖啡就行,0
42,,,今天真的好热,0
42,,,是呀，不敢出门,0
42,,,的亏咋俩没对象，不然这么热的天还得出去约会,0
42,,,哈哈哈，你这样让那些情侣情何以堪,0
42,,,包括我们吗？,0
42,,,哈哈哈,0
42,(green),answer,你应该是一个好奇心很重的人,0
42,,,为什么,0
42,,,你看你又好奇了,0
42,,,哈哈哈，你突然这样说，我肯定想知道啊,0
42,,,当然了，好奇只是一方面，你偶尔也会比较高冷， 看来你是多面类型的女生，以后的新鲜感就靠你了,0
42,,,噢，靠我就算了，我不怎么主动聊天,0
42,,,看来我们的新鲜感，只能靠夏天来维持,0
42,,,意识就是冬天不联系了吗,0
42,,,夏天你请我吃小龙虾，冬天我请你吃烤红薯,0
42,,,突然觉得，结婚的时候交换钻戒都弱暴了,0
42,,,哈哈哈，那结婚交换烤红薯也太搞笑了,0
42,,,又不是真真的结婚,0
42,,,开玩笑而已，不过真的想吃小龙虾了,0
42,,,我刚刚吃饱，吃不下了,0
42,,,我猜你肯定还能吃点,0
42,,,为啥,0
42,(green),answer,"有人疼的女孩子一般有两个胃, 一个吃主食，一个吃男朋友喂的零食",0
42,,,！！！,0
42,,,你这话很过分，我单身哪来人疼,0
42,(green),answer,你应该不缺疼你的人，缺的只是疼你的这个人,0
42,(green),answer,能让你在关系里安心和舒服的做自己,0
42,,,是这样的，你这话突然说的我眼睛一酸,0
42,,,坦白说，其实我也知道你喜欢我，但是你总是给我很大的压力,0
42,,,之前确实是我患得患失了吧，但是我现在想通了，有些事情努力过就足够了,0
42,,,不必太在意一个结果，反正不真诚的人不是我,0
42,,,对不起，是我的问题,0
42,,,人总是不太珍惜脱手可得的东西，我现在真的想通了,0
42,,,嗯，我也想通了,0
42,,,你想通什么了,0
42,,,我想通，再不吃小龙虾，我真的要馋死了,0
42,,,那你自己去吃呗,0
42,,,居然有人连免费剥虾服务都不想要吗？,0
42,,,哈哈哈，我都卸妆了，今天不太想出门,0
42,,,周末有空了一起去吧,0
44,,,这几天上班好累,0
44,,,那你想要文字版的关心还是行动版的呢,0
44,,,文字版的是什么,0
44,,,多喝热水，早点休息,0
44,,,切，那行动版的呢？,0
44,,,穿越屏幕，双向奔赴,0
44,,,双向奔赴，这个词不太合适吧,0
44,,,既然隔着屏幕的安慰是苍白无力的，难道我们不应该去做行动派吗？,0
44,,,哈哈哈，可是今天很累,0
44,(red),question,"不想见面的有很多客观原因拒绝, 我更关心的是你主观意识想不想见",0
44,,,如果不是这么累可以见见,0
44,,,"那接下来聊天我就按天计算, 你欠我一场约会",0
44,,,你好会呀,0
44,,,可我不知道什么时候才有空,0
44,,,忙是常态，抽空是态度了，毕竟我们是行动派,0
44,,,哈哈哈，明天吧,0
45,,,这位同学,0
45,,,"辛苦的一天就要结束了, 今天心情怎么样",0
45,,,还行就是累啊,0
45,(red),question,我已经开始举哑铃了,0
45,,,举哑铃干嘛,0
45,,,你不是累吗,0
45,(green),answer,我总得尽量给你个有力的臂膀,0
45,,,哈哈哈,0
45,,,我忙到现在都没吃饭,0
45,,,这不巧了吗,0
45,,,我这健完身也得补充补充营养,0
45,,,哈哈哈可以,0
45,,,不过看你平常也挺忙的,0
45,(red),question,那是认识你之前忙,0
45,,,现在有什么区别吗,0
45,,,即然现在认识了你，我的时间就像海绵里的水了,0
45,,,哈哈哈,0
45,,,你今天好会说啊,0
45,,,那我还得感谢你咯,0
45,,,反正兄弟这个称呼得改口了,0
45,,,你想改成什么,0
45,,,改成什么那还得看你缺什么,0
45,,,哈哈哈我也不知道啊,0
45,,,我很笨的,0
45,(green),answer,看来这个问题比较严肃，建议咱们俩待会等下吃饭的时候，当面探讨一下,0
45,,,哈哈哈你怎么老是想约我出去,0
45,,,"诸葛亮约三次都出来了, 你哪有那么难请, 加入我聆听我收复荆州的计划",0
45,,,哈哈哈,0
46,,,我要睡觉了,0
46,(red),question,这就好笑了我还没放大招呢,0
46,,,什么大招你快讲讲,0
46,,,困了，睡了,0
46,,,？？？,0
46,,,晚安,0
46,,,你人呢，别吊我胃口,0
46,,,你完了，我失眠了明天绕不了你,0
46,,,早,0
46,,,你昨天干嘛去了话都没说完一声不吭就消失了活像个渣男,0
47,,,太困了，晚安吧,0
47,(green),answer,你果然是学霸，睡这么早,0
47,,,学渣一枚,0
47,,,浙大还学渣，这逼都被你装完了,0
47,,,浙大也不都是学霸呀，我是浙大的渣渣,0
47,,,困死了，晚安啦,0
47,(red),question,本来还有问题问你来着，明天再问吧,0
47,,,啥问题,0
47,(red),question,困死了明天再问你,0
47,,,昨晚什么问题,0
47,,,无聊的小事，欢欢是谁,0
47,,,是我一个大学闺蜜,0
47,,,我还以为是你男朋友,0
47,,,哪来男朋友，我男性朋友都好少,0
47,,,我又得去写论文了,0
47,,,大清早的又去搞学习，要不要这么拼,0
47,,,没办法，悲惨啊,0
47,,,你们忙不忙,0
47,(green),answer,就算再忙，陪你聊天的时间总是有的，因为和你聊天很轻松,0
47,,,哈哈哈,0
47,,,我看你是闲得慌,0
47,(green),answer,是的呀，我闲的时候，就喜欢和美女聊天,0
47,,,哈哈哈,0
48,(red),question,我昨天晚上居然梦到你了,0
48,,,梦到什么了,0
48,(green),answer,梦到你吃了5斤小龙虾，胖了6斤,0
48,,,哈哈你才胖了6斤,0
48,,,不过我真的知道一家小龙虾还不错有机会可以带你去,0
48,,,感觉我们这样的朋友从来还挺好,0
48,(green),answer,你也是我为数不多的朋友中最特别的存在了,0
48,,,为什么就因为我可爱吗,0
48,,,不是因为你外表而是凌晨4点看完怦然心动总觉得这时你应该在我身边,0
48,,,不是做朋友吗你说话不算数,0
48,,,还是那句话我愿意为我的喜欢买单,0
48,,,那你喜欢我什么,0
48,(green),answer,我不知道只是为你一个能让我不喜欢别人的理由,0
49,(blue),,梦→吓醒,0
49,,,我昨晚上梦到你,0
49,,,什么,0
49,(green),answer,哈哈梦到你被你吓醒了,0
49,,,我有那么丑吗,0
50,,,失眠了，睡不着,0
50,(red),question,这不是好事,0
50,,,为啥,0
50,(green),answer,失眠是你出现在了别人的梦里，有人想你了,0
50,,,哈哈哈是不是你想我了,0
50,,,我不比他们厉害，在这陪你聊天,0
50,,,哈哈哈那你为什么还不睡,0
50,(green),answer,正准备睡就看到你消息，这下做梦有素材了,0
50,,,那你现在还不困吗,0
50,,,和你多聊一会儿天，你也可以收集点做梦素材啊，哈哈，运气好说不定也能梦到我,0
50,,,哈哈那万一梦不到呢,0
50,,,听说思念一个人到极致的时候，大脑才会带你去见他一面，所以，你今天晚上会思念我吗,0
51,,,失眠了,0
51,(green),answer,没想到第一个默契竟然是失眠,0
51,(green),answer,看来都是没有对象哄睡的人,0
51,,,哈哈戳中痛点,0
51,,,这个时间点除了失眠还有其他选择,0
51,,,什么选择,0
51,(green),answer,你不捣蛋的话，咱俩可以比比谁更会哄人入睡,0
51,,,哈哈捣蛋会怎样,0
51,(green),answer,看来有人深夜还想使坏,0
51,,,你说是那种坏,0
51,,,这个我得留点时间慢慢挖掘,0
51,,,你得给我了解你的时间,0
52,(purple),,场景移植,0
52,(purple),,小时候,0
52,,,今天休假的时候，看到一群小孩在那边商量捉迷藏的事，突然就好怀念,0
52,(purple),,烦恼（共患难是比同享福好好）,0
52,,,今天上班好烦啊,0
52,,,对啊，每天看到那个弱智老板，要不是不能打过他，我肯定给他两拳,0
52,,,都这么烦了，不如出来喝一杯，你帮忙看看我能不能打过你的老板,0
52,(purple),,聊前任,0
52,,,我最近刚看了X X X这本书,0
52,,,感触很深，哎想当初,0
52,,,我都这么坦诚相对了，我也想听听你对爱情的看法,0
53,,,我要准备睡觉了,0
53,,,那我是走流程说晚安还是走捷径的那种晚安呢,0
53,,,走流程的晚安是怎样的,0
53,,,关好门窗，盖好被子，晚安，梦里见,0
53,,,那什么是有捷径的晚安呢,0
53,(red),question,点击加号，视频通话，共同入眠,0
53,,,哈哈哈，这怎么是走捷径,0
53,(red),question,这是陪你睡觉最快的路,0
53,,,那你这是要哄我睡觉了吗,0
53,,,我就是想看看你打呼的样子,0
53,,,我才不打呼,0
53,,,这我没办法反驳，毕竟我也没有看过啊,0
53,,,你好讨厌,0
53,,,好了，不逗你了,0
53,,,等下你生气了我又不在你身边,0
53,,,在你身边我可能都哄不好,0
53,(red),question,我可害怕女生哭了,0
53,,,我可没那么容易生气,0
53,,,不过想象一下,0
53,,,你哄人的画面也挺好笑的哈哈哈,0
53,,,调皮啊你，还想象一下,0
53,,,今天有点晚了，明天还上班呢，我们早点睡吧,0
53,,,嗯嗯好，晚安,0
53,(green),answer,先说晚安的人明天也要说早安,0
53,,,行,0
54,,,你在干嘛,0
54,,,我在想,0
54,,,要是秒回你消息是不是暴露了我一直在看我们的聊天记录,0
54,,,哈哈哈你到底在干嘛,0
54,,,在忙,0
54,,,哦那你忙吧,0
54,,,说吧，什么事情,0
54,(green),answer,我还是分得清谁轻谁重的,0
54,,,你在干嘛,0
54,,,在思考一个问题,0
54,,,什么问题,0
54,(red),question,聪明人和小笨蛋有什么区别,0
54,,,你知道吗,0
54,,,什么,0
54,,,聪明人想一个人的时候会说我想你了，而小笨蛋只会说，你在干嘛,0
54,,,在干嘛,0
54,,,在想你接下来准备说什么,0
54,,,无聊，跟你聊聊天,0
54,,,学会主动了，说明你本性还是好的,0
54,,,哈哈哈，那你怎么不找我聊天,0
54,(green),answer,如果我主动能让你心跳加速，那就换我来,0
54,,,那我主动能让你心跳加速吗,0
55,,,你在干嘛,0
55,,,据说当女生想一个人的时候想找他聊天都会问他在干嘛,0
55,,,所以当一个女生问你在干嘛呢，一定是想你了才会主动找你聊天,0
55,,,才没有我就是有点无聊了,0
55,(green),answer,可是我不一样啊，我正在思考一件很特别的事,0
55,(green),answer,什么事,0
55,(green),answer,思考，你是不是想我才找我的,0
55,,,切，少臭美，谁想你了,0
55,,,哈哈逗你玩的,0
55,,,不过你要是无聊我可以陪你聊聊天,0
55,,,嗯嗯,0
55,(green),answer,不过我也不一定会及的回复,0
55,,,切爱聊不聊，搞得我好像很想跟你聊天一样,0
55,(green),answer,但是只要你需要我陪，我会随时出现在你的身边,0
55,,,你现在怎么变得油嘴滑舌了,0
55,,,变了，那我以前是什么样的,0
55,,,以前老老实实现在变得油嘴滑舌,0
55,(green),answer,没想到你对我还挺关注的，感觉你好像比我还要了解我,0
55,,,谁关注你一定是之前不熟现在原形毕露了,0
55,(green),answer,那是对别人油嘴滑舌，老实是留给特别的人,0
56,,,无聊的我，找无聊的你,0
56,,,你知道你为什么无聊吗,0
56,,,为什么,0
56,,,"单身太久了, 找个男朋友去",0
56,,,暂时没有喜欢的人,0
56,,,那师傅现在有喜欢的人了吗,0
56,,,中年大叔历尽沧桑，早已看破红尘,0
56,,,要是我再年轻个8岁，第一个追你,0
56,,,哈哈哈,0
56,,,你看上去也不老嘛,0
56,,,你吃饭了没有,0
56,,,还没吃呢，太忙了,0
56,,,还不去吃饭，小心胃疼,0
56,,,哼，你这是在关心我吗,0
56,,,哼，不可以吗,0
56,(red),question,可以是可以，但是你要小心,0
56,,,小心什么,0
56,,,小心我喜欢你,0
56,(red),question,看看,0
56,,,看什么,0
56,,,你的脸，我看看脸红了没有,0
56,,,不要不要,0
56,,,师傅今天好奇怪,0
56,,,因为今天心情好，所以逗逗你,0
56,,,师傅昨天是不是去约会了,0
56,,,没有啊，干嘛突然问这个,0
56,,,你上次说家里安排相亲，我还以为,0
56,,,要是我去相亲，你会不开心？,0
56,,,不知道,0
56,,,要是你有女朋友，是不是就不会理我了,0
57,(purple),,好无聊啊,0
57,,,无聊的时候才想我呀？,0
57,,,鬼才想你呢,0
57,,,其实我也无聊,0
57,,,两个无聊的人，据说适合做一件事,0
57,,,啥呀,0
57,,,比如一起出来看电影，吃饭什么的,0
57,(purple),,好无聊啊,0
57,,,你无聊我突然很开心,0
57,,,这有什么好开心的,0
57,(red),question,因为我一直在找一个东西，找了很久，终于找到了！,0
57,,,什么东西,0
57,,,找个理由见你,0
57,,,现在吗？晚点吧要化妆,0
57,(purple),,好无聊啊,0
57,,,你怎么知道我专治无聊,0
57,,,怎么治啊,0
57,,,有两个套餐，第一个当你两个小时男朋友，收费30，第二个陪你去看电影，收费100,0
57,,,为什么呀,0
57,,,因为男朋友也可以陪你去看电影,0
57,,,那给我来个60的,0
57,,,不过男朋友可得请我吃饭,0
58,,,哎我竟然沦落到靠刷剧过日子了,0
58,,,怎么了你不用上班的吗,0
58,,,我正在上班啊,0
58,,,你上班还刷剧跟我聊天,0
58,,,不会吧什么工作,0
58,(green),answer,无聊综合症患者的沽愈师,0
58,,,哈哈哈这什么鬼,0
58,"(green), (purple)",,哈什么哈隔着屏幕都听到你笑声,0
58,,,哪有我才没笑,0
58,(green),answer,我还以为你是捡到什么大宝贝了比如说像我这个能够逗你开心的宝贝,0
58,,,哈哈我之前怎么没发现你廷会聊天的,0
58,,,那是因为你之前每次都不怎么回我消息从来沒有像今天这样深入过自然发现不了,0
58,,,哈哈那以后尽量多聊两句,0
58,,,早上好,0
58,(red),question,我不好都怪你我现在都起不了床,0
58,,,为什么要怪我,0
58,(green),answer,眼睛一闭都是你那魔性的笑声，还怎么睡,0
58,,,这么说还真是我的错？,0
58,(green),answer,你都知道错了难道不应该表示一下赔礼道歉吗，比如说出来聊个天,0
58,,,哼不出,0
58,,,是吗那我也不勉强,0
58,(green),answer,只是我刚点的烤鱼怎么办,0
59,,,你是不是觉得我很成熟,0
59,,,感觉不到你成熟,0
59,,,可爱倒是真的,0
59,,,我哪里可爱了，很少人说我可爱的,0
59,(green),answer,喝水的时候就很可爱啊,0
59,(purple),,会发出咕噜咕噜的响声,0
60,(green),answer,"怎么回事，怎么点赞这么慢, 下次记得跑快一点",0
60,,,忙到现在才看手机呀,0
60,,,这次就姑且原谅你了,0
60,,,在你眼里我是什么样的人,0
60,,,干嘛，加起来我都没见过你几次,0
60,,,那第一次，是什么感觉,0
60,(green),answer,"我觉得你外表虽然嘻嘻哈哈, 但内心却恰恰相反, 像个有故事的人",0
60,,,突然有点感动,0
60,,,感觉终于有一个懂我的人,0
60,(red),question,我这里有一个让你开心的秘诀,0
60,,,什么,0
60,(red),question,这个秘决专男不专女,0
60,(green),answer,给我唱歌的人心情都会变好,0
60,,,切,0
60,,,其实还挺想听你唱歌的，感觉一定很好听,0
60,,,我怎么感觉你声音比之前好听呢,0
60,(green),answer,听说女生想谈恋爱的时候，连声音都会变好听,0
60,,,是不是想谈个恋爱，哈哈哈,0
60,,,你胡说，才没有,0
60,(green),answer,你可千万不要喜欢上我哦，不然我会飘的,0
61,,,今天看毕业照突然逮到你了,0
61,,,哈哈,0
61,,,是吗,0
61,(green),answer,看到那个素颜朝天的你,0
61,(red),question,突然让我想起来一句话,0
61,,,什么话,0
61,,,开学前老师说的那句四年很短是真的,0
61,,,你这么一说还挺怀念的,0
61,,,时间好快后悔没去考研,0
61,(green),answer,我也很遗憾,0
61,(green),answer,在最无能为力的年纪,0
61,(green),answer,遇到一个最想珍惜的人,0
61,,,哈哈哈,0
61,,,没关系呀,0
61,,,你现在变化挺大的,0
61,,,也有能力了,0
61,,,一定会遇到更值得珍惜的人,0
61,,,岁月是把杀猪刀,0
61,,,一刀一刀又一刀,0
61,,,我们的青春都流失了,0
61,,,其实只有一个现象表示青春真的失去了,0
61,,,什么现象,0
61,(green),answer,就是没有一个人还记得你曾经青春懵懂的样子,0
61,,,那看来我的青春确实没了,0
61,,,可我还记得,0
61,,,谢谢你,0
61,,,但我们真的不合适,0
61,,,我也觉得不太适合,0
61,,,要不然怎么八年都没在一起,0
61,,,你很好千万不要怀疑自己,0
61,,,是我的问题,0
61,,,我知道我很好,0
61,,,所以确实该移情别恋了,0
61,,,说实话,0
61,,,看到移情别恋这四个字,0
61,,,我还有点舍不得的感觉,0
61,,,哈哈毕竟也这么长时间了,0
61,,,我都舍得,0
61,,,你有什么舍不得的,0
61,,,毕竟对于你来说我只是可有可无的存在,0
61,,,你不觉得你很自私吗,0
61,,,真心喜欢过的人怎么能做朋友,0
61,,,反不我做不到,0
61,,,做朋友只是给你多个备胎,0
61,,,你别这样说好不好,0
61,,,在你心中我是这样的人吗,0
61,,,我喜欢你八年无疾而终,0
61,,,难道我会容易释怀吗,0
61,,,看着喜欢八年的人若无其事在身边正常淡恋爱相亲结婚生子。作为朋友我还要给你随份子钱。到底我是冷血动物还是你是冷血动物,0
62,,,哟，你不是不喜欢出去玩的吗,0
62,,,不是不喜欢出去玩，只是更喜欢一个人独处时候的宁静和自由,0
62,,,当然偶尔也需要开拓视野嘛,0
62,,,有意思,0
62,(green),answer,不怕男人宅，就怕男人不自爱,0
62,,,哈哈哈谁说出来玩就不自爱,0
62,,,我这是守男得，不是说你啊，我知道你不是这样的人,0
62,(green),answer,不过你要注意安全，不是每个色狼都像我一样有职业操守的,0
62,,,笑死我了你,0
62,,,我喝多了,0
62,,,喝多了还跟我聊天赶紧去洗个脸清醒一下,0
62,,,你就不知道让我少喝点,0
62,,,我知道你是很清醒的女孩子,0
62,,,以前你都会说主动来接我,0
62,(green),answer,既然是兴师认罪，那你想好惩罚了没有,0
62,,,还没想好,0
62,(green),answer,有一种跟女朋友承认错误的即视感,0
62,,,谁是你女朋友,0
62,,,你不怕我给其他小哥哥接走了,0
62,"(green), (purple)",,问题不大，你心里有我的话，就算抱着别人心里想的也还是我,0
62,,,你要不要过来喝酒,0
62,,,其实我不怎么喜欢喝酒,0
62,,,不过和聊的来的人对饮小酌也是很舒服的,0
63,,,今天晚上烤羊腿走起,0
63,,,不忙了吗,0
63,(red),question,看到你的这句话，突然有一种很幸福的感觉,0
63,,,什么幸福的感觉,0
63,,,这才知道原来有个人一直在牵挂我,0
63,,,谁牵挂你,0
63,,,看你这意思原来一点都不牵挂我，就不怕我被别人拐跑了,0
63,,,切，你个大男人谁要啊，给人当儿子养都嫌老,0
63,,,那你说为什么五天了你都没有问候我一下,0
63,,,你不也是五天没有找我吗？以前都不是这样的,0
63,,,看来我们还是很默契的，想法都这么相似,0
63,,,那么为了这份默契，我们今天晚上一定要喝两杯,0
63,,,以前我们都没有喝过,0
63,,,这个世界上，唯有美食和美人不可辜负但是没有美酒所有的一切都少了三分味道,0
64,,,最近在忙什么,0
64,,,今天出去玩了一下桌游，还挺好玩的,0
64,,,回来就有点晚,0
64,,,这样啊，我以为你咋了呢,0
64,,,嗯嗯，今天有点累了，早点休息吧，明天周末万一还要出去玩呢,0
64,,,好吧，晚安,0
64,,,早呀,0
64,,,早呀,0
64,,,我还没起呢,0
64,,,周末的上午就应该睡个懒觉，然后起床出门跟喜欢的人约个会,0
64,,,得了吧，就我这样的，估计到了三十岁都找不到对象,0
64,(green),answer,我们真是同病相怜，这种情况我们就应该鼓起勇气掀开被子,0
64,,,哈哈哈，掀开被子干嘛,0
64,,,只要有一颗年轻的心，五十岁一样可以吃嫩草,0
64,(green),answer,不要让被子束缚了我们,0
64,,,笑死了哪有那么老？还吃嫩草,0
64,,,所以既然我们在一个城市，是一个想见就能见的距离，那吃窝边草也不是不可以,0
64,,,哈哈哈，窝边草可还行,0
64,,,你的意思是今天约我出去吗,0
64,,,你负责定位，我负责到位，抓住周末的小尾巴,0
64,,,啊,0
64,,,可是我还没起床，出门还要洗头化妆，好麻烦啊,0
64,,,如果你是怕麻烦，那我们就公平一点,0
64,,,嗯，什么意思,0
64,,,见面是讲礼仪的，你送我一份精心装扮让我赏心悦目，我送你一个完美策划让你愉快周末,0
64,,,哈哈哈,0
65,,,为什么对我那么好,0
65,,,嗯，我对你很好吗,0
65,,,嗯，还行,0
65,(green),answer,你可千万不要学别人以身相许啊,0
65,,,哼我才不会,0
65,,,那我猜你是想让我对你坏一点,0
65,,,我可没这么说,0
65,,,那翻译过来就是，你想让我对你好一点，是吗,0
65,,,哈哈,0
65,,,既然是这样那礼尚往来，你是不是也应该对我好一点,0
65,,,你还想让我对你怎么好啊,0
66,,,啊，你不是说你没时间不用管你,0
66,,,🙂,0
66,"(purple), (red)",,你知道你的字里行间透露哪八个字吗,0
66,,,？,0
66,(green),answer,我生气了快来哄我,0
66,,,😡,0
66,,,之前还说做朋友，对人家还是嘘寒问暖的，现在有新欢了就变了，果然男人都是善变的,0
66,,,你都说了我不是你喜欢的类型嘛，那总找你会有点冒犯了吧,0
66,,,你是练钢铁的吧,0
66,,,这么直,0
66,,,我总要多考察考察你,0
67,,,你玩的挺花呀，昨天约小姐姐被我抓到了呀,0
67,,,那是我的客户我在工作,0
67,,,你肯定是个渣男,0
67,,,其实有时候也挺想特别坏特别渣的,0
67,,,看来我猜对了,0
67,(red),question,但是这个话题本质还是挺伤感的,0
67,,,为什么,0
67,(red),question,或许跟自身经历有关吧,0
67,,,有故事,0
67,,,经历过的人都知道，走出来的过程太痛苦了,0
67,,,我自己吃过的苦，我自己都觉得不好吃，我也不想让别人吃,0
67,,,哈哈，感情观还可以啊,0
67,(green),answer,那我只能接受你的表扬了，只有把自己伪装起来，刀枪不入，才不会被你这种小姑娘骗,0
67,,,谁说要骗你了，自恋,0
67,,,不过听你这么说，一定有个特别难忘的前任吧,0
67,,,嗯，是挺难忘的,0
67,,,哦,0
67,,,毕竟我不希望为了哄你开心，而说假话骗你,0
67,,,我觉得每个前任，都有她存在的意义，还是挺感谢每个前任带给我的成长，没必要诋毁,0
67,,,那你们为什么要分手,0
67,(green),answer,一个聪明的女生不会去问喜欢的男生的前任的,0
67,,,谁喜欢你了,0
67,,,真可爱，好像偷吃糖的小孩被发现了一样,0
67,,,脸红,0
67,,,晚上接你吃饭,0
68,,,哎你谈过几次恋爱,0
68,,,我谈过两次,0
68,(green),answer,一次是成长，第二次，让我更加明白怎么去经营爱情,0
68,,,我希望下一次便是白头到老,0
68,,,呦，听上去挺不错的,0
68,,,这么自信，万一再分手呢,0
68,(green),answer,这个跟自不自信没有什么关系，而是更懂得了照顾对方的感受,0
68,,,我相信那个人一定和我一样善良，能站在对方的角度去考虑问题,0
68,,,你确定这爱情以后不会有问题吗,0
68,,,有问题不是重点,0
68,,,两个人既然选择在一起，那这段感情就是责任,0
68,,,你说的我认同,0
68,(red),question,认同是第一步,0
68,,,既然选择心与心靠得更近，就把你的手交给我,0
69,,,你是不是之前有过很多女朋友,0
69,(green),answer,本来是一颗痴情种子，可能是因为帅吧,0
69,,,让你觉得我花心,0
69,,,这么恋,0
69,(red),question,上辈子你也是这样说的,0
69,,,你还知道上辈子的事情,0
69,(green),answer,"上辈子我们本来是一对青梅竹马, 我寒窗苦读十余载，终于考上了壮元，可是你却嫁给村口杀猪的",0
70,,,你是,0
70,,,应该是你的第一届相亲对象,0
70,,,哈哈哈王阿姨介绍的,0
70,(green),answer,（臭美态度开玩笑）不能说介绍，应该是说王阿姨忍痛割爱,0
70,,,可以简单了解一下,0
70,,,（给女生找到同类的感觉）其实也算是一种缘分，这段时间互相掩护就好,0
70,,,你家也催你相亲吗,0
70,,,（动词和夸张）何止是催，简直就是想方设法把我往外送,0
70,,,估摸着不是亲生的吧,0
70,,,哈哈哈,0
70,,,同命相连,0
70,(green),answer,既然同病相怜那就同舟共济,0
70,,,好啊,0
70,,,感觉你挺会聊天的，应该不缺女朋友,0
70,(green),answer,（测试）你有一双发现美的眼睛，虽然我们没有酝酿已久的冲动，至少还有长期观察的机会,0
70,,,有空可以一起约个饭,0
70,,,可以的，毕竟结婚是唯一一次亲自挑选家人的机会，咱俩都得选个称心的,0
70,,,我发现咱俩想法差不多诶,0
70,(green),answer,别谢我，有机会的话一起去感谢王阿姨,0
70,,,晚上见一面呗,0
71,,,哈咯，李阿姨介绍的，我是john,0
71,,,你好,0
71,,,看了你的照片，感觉有必要换功作了,0
71,,,去做水产工作挖藕,0
71,,,哈哈哈，谢谢,0
71,,,刚刚看了你的朋友圈，感觉你不是很高,0
71,,,我们小区的电线杆就挺高的，男人再高，不懂得和女人低头，那也是和电线杆没什么两样,0
71,,,哈哈哈，你还挺有趣的,0
71,,,你呢，这么哇塞的女生，怎么也来相亲呢,0
71,,,你别彩红屁，我长得其实是一般的,0
71,(red),question,如果一朵玫瑰都觉得自己长得一般，那我这个仙人掌情何以堪呢,0
71,,,哈哈哈仙人掌可还行,0
71,,,是呀咱们还挺有默契和公同点,0
71,,,啊？那里呀,0
71,,,我们都有带刺呀,0
71,,,哈哈哈，油嘴滑舌的，我父母可不喜欢这样的男生,0
71,,,我其实没打算和二老结婚,0
71,,,哈哈哈，你怎么这么有意思,0
71,,,那咱俩接下来是按程序走个过场还是直接在列表里吃灰,0
71,,,那不得看你吗，你问我干嘛,0
71,(red),question,我是不想让你那么快得到我,0
71,,,说的好像我在主动追你一样,0
71,,,你想要主动追我也不是不可以,0
71,,,哈哈哈感觉很久都沒有遇到三观这么正的男生,0
71,,,三观正都被你发现了，但长得正不正还是得你当面看,0
71,,,你这搞得跟我在面试一样,0
71,,,对呀，毕竟听说你最近招人喜欢的,0
71,,,意思是你喜欢我吗,0
71,,,在这个快餐式肆意横行的年代，比起随口一说的我喜欢你，我更想要带着真诚来到你身边，让你自己感受,0
71,,,哈哈哈，那我还挺期待的,0
72,,,青铜,0
72,,,是呀，我有机会吗,0
72,,,白银,0
72,,,你也很自恋,0
72,,,黄金,0
72,,,我要是不追，岂不是很不给你面子？,0
72,,,白金,0
72,,,你觉得呢,0
72,,,我哪里知道,0
72,,,是呀，我追了你很久,0
72,,,美女你好，游泳健身了解一下,0
72,,,别闹啦，我是问你真的,0
72,,,说正经的，你是不是经常问男生这个问题,0
72,,,没有啊,0
72,,,那我猜，你只会问自己喜欢的人吧,0
72,,,钻石,0
72,,,严格意义上来讲，我今晚就想见你，甚至和你共进晚餐,0
72,,,啊,0
72,,,但又怕你觉得太快显得我不够真诚,0
72,,,是有一点,0
72,,,虽然这确实是我的真实想法，但我更想尊重你的意见,0
72,,,这话还是挺真诚的,0
72,,,这个包我喜欢好久,0
72,,,我也觉得不错，但更适合我们在一起的纪念礼物,0
72,,,如果现在呢,0
72,,,那你还不快点收拾出门和我共赴爱的晚餐,0
72,,,那你就是在追我喽,0
72,,,喜不喜欢，合不合适，追不追是三件事,0
72,,,而我们现在的情况来看，一起共进晚餐，一起讨论刚看的电影和给你买包，也是三个步骤，你觉得呢？,0
74,,,这不就只是问了你,0
74,,,比较好奇,0
74,,,看来我对你很特别了,0
74,,,那你觉得我们之间,0
74,,,有没有什么是别人不可代替的,0
74,,,你喜不喜欢我这个问题,0
74,,,和有没有不可代替有什么关系呢,0
74,,,喜欢是个比较严肃的话题,0
74,,,我不得赶紧去找找,0
74,,,我们有没有给到彼此特别的感觉,0
74,,,让你觉得我喜欢你,0
74,,,哈哈哈好像有道理,0
74,,,但我们都是正常聊天,0
74,(red),question,所以我们以后应该（）,0
74,,,多交流,0
74,,,感觉你好会聊天,0
74,,,感觉对了,0
74,,,聊天才会有灵感,0
74,(green),answer,不然我们现在应该在拜把子,0
74,,,现在拜也来得及,0
74,,,别人恋爱我们做兄弟,0
74,(red),question,别人都在红楼梦，我们还在水浒传,0
74,,,哈哈哈绝,0
74,,,按照水浒传说的话,0
74,,,如这位壮士如果不拜把子也能喝两杯,0
74,,,你才是壮士,0
74,,,我酒量很差的,0
74,(red),question,你知道我不会欺负你的,0
75,(red),question,你有没有过白天吵架没吵赢，晚上气的睡不着的时候,0
75,,,有,0
75,,,你给我的印象已经是很能说的那种女生了，居然也会有那种感觉,0
75,,,对呀，就是觉得自己没有说好，如果重来一次，我肯定能吵羸的那种感觉,0
75,,,现在我就是这样的感觉,0
75,,,你跟人吵架了？,0
75,,,那倒没有，我是气前几天你问我的问题，我没有回答好，要是重来一次我肯定能回答好,0
75,,,哈哈,0
75,,,不好意思过时不侯，我就问你一次,0
75,(green),answer,真的假的，我可是想了好几天才想岀来的,0
75,,,那你说吧,0
75,,,其实这个问题怎么回答都是错的,0
75,,,为什么,0
75,,,"如果我说你长得好看，你会说我肤浅，如果我说喜欢你的身材，你会觉得我lsp,说你性格好有内涵呢，你又会说我虚伪",0
75,,,哈哈哈，这都被你猜到,0
75,(green),answer,其实最重要的是你喜欢我，如果不喜欢我，我说什么理由在你眼里都是借口，虚伪，如果必须回答的话，其实真不知道说什么，应该是你在特殊的时间绐了我其他人给不了的感觉,0
75,,,不知道你哪里好，但就是谁也代替不了,0
75,,,你这是在表白吗？姐都被你有点整感动了,0
75,,,别，感情光靠感动可不行，还得靠双方的主动，双向奔赴才能双倍快乐,0
75,,,哈哈哈，这个我懂，那你希望我怎么主动呢,0
76,,,你是不是对每个女生都这么好,0
76,(green),answer,那你是那种一上来就给男生贴标签的女生吗,0
76,,,哈哈我只是好奇地问一下,0
76,(green),answer,其实我也不知道我是什么时候开始对你好，就是春天到夏天，再从复天到秋天，从秋天再到冬天,0
76,(green),answer,你知道季节是什么时候转换的吗？你知道从冬天转换到春天准确时间点是什么吗？就像我不知道什么时候开始对你这么好的,0
77,(green),answer,这么快就给我们彼此下定义了吗,0
77,,,也不快啊，都快半年了接触这段时间下来，我感觉我们不是一个世界的人,0
77,,,你是不是误解了什么，虽然开始我是真的被你吸引了,0
77,,,什么意思,0
77,,,说实话多少有一瞬间心动，但是相处下来，我也发现实在没有多少感觉，我只是觉得你在某些时候，无形中会激动我,0
77,,,？,0
77,,,有机会的话一起回家吃饭，没机会的话，你就继续做一个冰冷的公主,0
77,(green),answer,我也不知道，可能在想和你见个面吃顿饭，甚至看着你的眼睛我才清楚吧,0
78,(blue),,走近疏远→原因,0
78,(red),question,这世上没有无缘无故的走近，也没有无缘无故的疏远,0
78,,,那你疏远的原因是什么,0
78,,,并非有意疏远，只是想先退回来再回顾一下走近的原因,0
78,,,那走近的原因是什么,0
78,,,我看什么都像你， 我看月亮，像你，看星星，也像你，那些白亮透澈，温柔冷清的光，它们都让我想起你，其实我不太懂喜欢，可我想走近你,0
78,,,诗很浪漫,0
78,,,所以你知道我这两天为什么不联系你么,0
78,,,不知道,0
78,,,因为我发现你没有向我敞开大门，我希望感情是双向奔赴的,0
78,,,你不联系我，我觉得是因为你不够喜欢,0
78,(red),question,我只是怕我的喜欢给你造成负担,0
79,,,我给你介绍个女朋友吧,0
79,,,啊,0
79,,,怎么不乐意啊,0
79,,,可我喜欢的是你呀,0
79,,,咱们做朋友挺好,0
79,,,你不是之前要给我介绍女朋友吗？我买了今晚的电影票，你帮我转交一下,0
79,,,？你变得挺快呀，之前说喜欢的是我，现在电影票都买了,0
79,,,那你是反悔了？,0
79,,,没有啊我是想着帮你脱单啦,0
79,,,那你怎么不想着帮帮你自己呢,0
79,,,我找不到啊,0
79,,,那你是要把自己介绍给我咯,0
79,,,才不是,0
79,,,所以要把我忍痛割爱给你的姐妹吗,0
79,,,我姐妹可好看，要不要,0
79,(green),answer,我仿佛感受到了什么陏谋,0
79,,,可别瞎说我是正经人,0
79,,,正经人谁会把喜欢的男生介绍给闺蜜啊,0
79,,,臭不要脸,0
79,,,世界上有七十亿人，一个人一生大约会遇到两千九百二十万人，两个人相遇概率是十万分之四，相识的概率是千万分之三,0
79,,,如何你在这么微乎其微的概率当中相遇相识，便是难得的缘分，我邀请你和我一起做为爱冲锋的勇士,0
79,,,那我怎么知道你是不是认真,0
79,,,是与不是,0
79,,,我说了不算，你说了也不算，时间会说真话,0
80,,,跟你说个很严肃的问题，其实我不太喜欢这个样子，因为我们现在还不是情侣，就做了情侣的事情，会让我觉得很奇怪，很别扭，说实话，我还没有准备好谈恋爱，再说了，我比你大，我们就先以朋友的方式相处吧,0
80,,,不是一直都是好朋友吗,0
80,,,那就做好朋友，不想理你了，睡觉了,0
80,,,怎么感觉你生气了,0
80,,,没有生气，睡觉吧，晚安,0
80,,,是不是因为我今天牵了你的手，你才不开心啊,0
80,,,就是我不想让别人觉得我很随便，沒有原则的感觉，一下子说喜欢我，一下子又说做朋友，就很让人生气,0
80,,,我沒有感觉，你随便啊，如果你不开心我以后一定会注意的,0
80,,,可能是我想多了，过段时间就好了，可能我还不太习惯要怎么相处，就会有点害怕,0
80,,,我也怕，我怕你以后不理我了,0
80,,,我怕我想多了就会放弃，就是感觉有点看不到未来，就会害怕开始，按我现在的感觉啊，你对我一时兴起,0
80,,,傻瓜，别想那么多好吗,0
80,,,昨晚我闺蜜问我是不是和你在一起，我也希望你对我不仅仅是好感而已，你明白我的意思吧,0
80,,,是的，你需要一心一意，对你专心的那种,0
80,,,其实你给我的感觉一直挺好的但是在一起之后，就会有很多矛盾，我挺怕吵架的，我都不会凶人，只会生闷气,0
80,(green),answer,想看你生气的样子，认识你这么久，还从来没有看过你生气的样子,0
80,,,哼，我真想切开你的脑袋，看看装的都是什么,0
80,,,我脑袋里都是水，你想看吗,0
81,,,已经举报诉那家店了,0
81,,,虽然我觉得也没那么糟糕，不过惹你不开心，不能忍,0
81,,,哈哈哈，没必要了,0
81,,,我都忘了,0
81,,,很有必要，毕竟我才是那个，最直接的受害者,0
81,,,你怎么了,0
81,(red),question,贪官犯错，皇帝震怒，妃子挨打,0
81,,,哈哈哈，你算哪门子妃子,0
81,,,不行了，太困了顶不住了，陛下我先撤了， 不过没关系，我派了蚊子去照顾你,0
81,,,哈哈哈，今天不想早睡，想熬夜看会儿剧,0
81,,,明天是周末，你不能白天看吗,0
81,,,白天要睡懒觉,0
81,,,上帝发明了光，你非要和上帝闹别扭,0
81,,,你管我呢,0
81,,,有没有看过一句话,0
81,,,就是说什么东西对你不好，你就要远离什么,0
81,,,知道啊,0
81,,,那熬夜是不是对肝不好,0
81,,,嗯嗯,0
81,,,所以我得叫你小心肝啊,0
81,,,哇，油死了，我要给你喷去油喷雾了,0
81,,,好了，真该睡觉了,0
81,,,我睡不着,0
81,,,那我绐你讲个故事就睡觉，行不,0
81,,,从前有一只鹌鹑，别的鹌鹑都在上午下蛋，只有它在晚上,0
81,,,所以大家都叫它,0
81,,,什么？,0
81,,,晚鹌鹑蛋,0
81,,,？,0
81,,,你才是蠢蛋,0
82,(blue),,生活回去原来的样子 》我不理解你 〉放松 》,0
82,,,最近我又找回生活本来的样子了,0
82,,,嗯,0
82,,,之前的很长一段时间,0
82,,,我感觉我的生活好像只有你,0
82,,,我其实也能感觉到我这么做,0
82,,,你也很有压力,0
82,,,"但最近我发现朋友的欢笑，忙碌的工作, 甚至是每天不一样的日出日落才是生活",0
82,,,就是上班下班,0
82,,,哪有那么诗情画意,0
82,(green),answer,"你情绪有点不对呀, 是不是遇到什么不顺心的事",0
82,,,确实不顺心,0
82,,,谈了大半个月的合同,0
82,,,甲方现在又出问题了,0
82,,,我理解所有为生活奋斗的女生,0
82,(green),answer,就是一直不理解你,0
82,,,为什么,0
82,,,明明可以靠颜值,0
82,,,你还非要靠实力,0
82,,,哈哈哈你太老套了吧,0
82,,,总是绷着一根弦,0
82,,,不管是谁都坚持不住的一天的,0
82,,,你还是要适当的学会放松,0
82,,,你这口吻,0
82,,,不知道的还以为你比我大三岁呢,0
82,,,靠年龄来束缚一个人的话， 太片面了,0
82,,,虽然比我大几岁,0
82,,,但是我眼里你仍然是一个小女生,0
82,,,都快奔三了还小女生呢,0
82,,,天天都是工作的压力父母的催婚,0
82,,,还有自己变老的现实,0
82,,,我奶奶都快七十了,0
82,,,还跟我爷爷吵架,0
82,,,还要闹着离家出走,0
82,,,让我爷爷天天哄她呢,0
82,,,你这才哪到哪啊,0
82,,,哈哈哈你奶奶还挺可爱,0
82,,,我突然想了一下,0
82,,,我们还是应该保持距离,0
82,,,现在这不清不楚的关系,0
82,,,对你我都不太好,0
82,,,弟弟这是着急了嘛,0
82,,,你这种年纪不应该享受暧昧的吗,0
82,,,虽然我可以把你当小女孩一样宠爱,0
82,,,但是我不会像小男生一样不负责任,0
82,,,满脑子都是恋爱,0
82,,,你渴望的感情需要的恋爱是什么样我很清楚,0
82,,,如果你需要我很愿意为你负责,0
82,,,当然如果你有不同意见的话,0
82,,,我也会尊重你的想法,0
82,,,你说的话姐爱听,0
82,,,但是你说话的语气姐不喜欢,0
82,,,如果你真的想和我恋爱的话,0
82,,,那我们就要约法三章,0
82,,,免得以后发生没有意义的争吵,0
82,,,你觉得呢,0
82,,,没问题,0
83,,,有件事想跟你探讨一下,0
83,,,怎么了,0
83,,,你是不是默认的把我带入到男朋友的角色了,0
83,,,我没有,0
83,,,没有的话，我觉得关系有点模糊不清了,0
83,,,怎么模糊不清,0
83,,,你给我唱歌，让我帮你修图，天天和我聊天，我挺困扰的也挺替你感到尴尬,0
83,,,有什么尴尬,0
83,,,也许这是你消遣寂寞的方式，让自己很随意，但我不喜欢这种怀疑关系的感觉,0
83,,,你是喜欢我？,0
83,,,你不会觉得我是在吊着你吧,0
83,,,我一直觉得我们都是朋友,0
83,(red),question,我跟不喜欢的人不会有什么交集,0
83,,,那你就承认了,0
83,(red),question,但是咱俩不合适,0
83,,,为什么,0
83,,,不热烈也不赤诚，没有期待在一起的感觉,0
83,,,意思是我被你拒绝了,0
83,,,没有在一起怎么知道合不合适,0
83,(red),question,喜欢你又不代表急着要和你谈恋爱，注重规程就好，剩下的顺心而动,0
83,,,不在意结果，只享受过程,0
83,,,我不会上当,0
83,(green),answer,哎，我嘴笨，以后和你吵架都没胜算,0
83,,,那你对我是认真的吗,0
83,,,看你,0
83,,,为什么,0
83,,,相互的，如果你对我很冷淡，我也不会多热情,0
84,,,你觉得我们可以做朋友吗,0
84,,,不知道,0
84,,,哦，那好吧，我摊牌了，不装了，你这么说呢我也没办法，随便吧,0
84,,,别闹好吗，又不是小孩子,0
84,,,哎,0
84,,,叹什么气啊,0
84,,,再这样我真不理你了,0
84,,,早,0
84,,,好些了,0
84,,,原来你也有这么温柔的一面,0
84,,,什么难道我以前没有吗,0
84,,,不知道,0
84,,,那好吧,0
84,,,果然还是做朋友好啊,0
84,(green),answer,做了朋友之后居然就能够享受你的温柔，不好吗,0
84,,,哈哈,0
84,,,所以要是做这样的朋友我能做一辈子,0
85,,,有个问题你意识到了吗？,0
85,,,什么呀,0
85,,,你好像默认的把我归纳到,0
85,,,我在追求你的这个情景当中去了,0
85,,,难道不是吗,0
85,,,你之前不是也承认了喜欢我吗,0
85,(green),answer,但是我也的确过了一个只看结果的年纪,0
85,,,好吧,0
85,,,我只是不想辜负你的感情,0
85,,,浪费你的精力,0
85,,,承诺加上了希望才会带来伤害,0
85,,,哈哈哪你还是挺好的,0
85,,,但是怎么说呢,0
85,,,智者不入爱河吧,0
86,(green),answer,有只猫头鹰落在你的窗前,0
86,(green),answer,请接受聊天邀请,0
86,,,你干嘛要照搬我的话,0
86,(green),answer,对的话用给对的人,0
86,,,你认为不合适吗,0
86,,,我己经说了很清楚,0
86,,,你觉得我们在一起合适吗,0
86,,,和你在一起,0
86,,,从来不是理性过后权𧗾利弊的选择,0
86,,,"我更想知道, 你和我在一起开心吗",0
86,,,开心有什么用,0
86,,,不考虑后果的恋爱是不会长久的,0
86,,,我知道年纪小长得好看的女生对男人来说,0
86,,,带出去很有面子,0
86,,,你可以很潇洒,0
86,,,但是我不能不多考虑啊,0
86,,,"好看只是你的优点之一,我很感谢命运, 让我在合适的时间遇到合适的人",0
86,,,那我问你,0
86,,,如果我又老又丑,0
86,,,你还会选择我吗,0
86,(green),answer,我知道标准答案是什么,0
86,,,可是我绝对不会对你马虎,0
86,,,和你度过一生,0
86,,,不管是贫穷还是富有,0
86,,,不管是健康还是疾病,0
86,,,我都认定你了,0
86,,,可是我我们年龄差距这么大,0
86,,,万一有一天你嫌弃我,0
86,,,我受到伤害又能怎么办,0
86,,,我也担心过同样的问题,0
86,,,但我想,0
86,,,那样的话我就可以照顾你了宠着你,0
87,,,我现在不想淡恋爱,0
87,(green),answer,好吧，虽然挺可惜，不过还是要谢谢你,0
87,(green),answer,我已经很久没有这种心动的感觉,0
87,(green),answer,这种感觉很好，但我会尽快忘记,0
87,,,你也不用太在意，以后还是继续做朋友吧,0
87,,,怎么气氛一下就变沉重了,0
87,,,其实我对你还是有好感的，只是我觉得太快了,0
87,,,怕你得到的太快，不会好好珍惜我,0
87,,,都是我女朋友，我肯定会加倍对你好,0
87,,,如果你不放心的话，我们可以先试着做一周情侣,0
87,,,感觉好的话呢我们就在一起，如果感觉确实不合适，我们再继续做朋友,0
88,(blue),,拒绝 》可以喜欢吗 〉难受 》尴尬 〉梦见,0
88,,,哦,0
88,(green),answer,那我还可以喜欢你吗,0
88,,,不要问我，我不知道,0
88,(green),answer,你说可以，我就继续喜欢你，你说不可以，我就不喜欢你了，我听你的,0
88,,,不要再问我了好不好，我说了我不知道，睡吧，晚安,0
88,,,你都把我搞懵了，搞得我都不能好好睡觉,0
88,,,我是不会拒绝任何人喜欢我的，懂吗,0
88,,,原来你是这样的人,0
88,,,不要因为一句话，而觉得一个人怎么样，很幼稚,0
88,,,你是不是觉得我瞬间都陌生了很多，其实不是这样的，我把我想说的，理智的跟你说了，我不想耽误你的感情，我很抱歉，对不起，你对我的付出没有结果,0
88,,,我知道，我也很难受,0
88,,,我不想弄得很尴尬，其实做朋友也挺好的,0
88,,,我只是单纯的说出了这个问题，这个困扰了我很久的事情,0
88,,,终于终于还是被我想通了，感情是一个复杂的东西,0
88,,,让我开心又让我难过，希望你也不要太在意,0
88,,,好了好了我也不想了，越想越难受,0
88,,,早点睡吧，晚安,0
88,(green),answer,那我今晚可能会梦见你,0
88,,,会不会明天再说,0
88,(green),answer,那梦里说可以吗,0
88,,,不可以,0
89,,,也可能是我内心不是很想谈恋爱,0
89,,,我觉得我们可以再相处一段时间看看,0
89,(red),question,被你搞的我也不想谈恋爱了,0
89,,,怎么了呢,0
89,,,还怪我了,0
89,,,没有怪你,0
89,,,你把我想的太狭隘了,0
89,,,那你是怎么想的呢,0
89,,,不强求,0
89,,,修身养性,0
89,,,我又没有拒绝你,0
89,,,只是说我们可以再相处一段时间看看,0
89,,,我倒希望你拒绝我呢,0
89,,,来吧,0
89,,,我已经准备好了,0
89,,,我承认,0
89,,,我对你确实有好感,0
89,,,但你就不能多一点耐心吗,0
89,,,耐心？,0
89,,,总会越来越少的,0
89,,,就算是真心,0
89,,,也经不起无休止的消耗,0
89,,,那你是真心喜欢我吗,0
89,,,也不早了,0
89,,,睡吧,0
89,,,早点休息,0
89,,,早安,0
89,,,睡醒了吗,0
89,(red),question,"没醒, 在做梦呢",0
89,,,做什么白日梦呢,0
89,,,是的呀，梦见你跟我表白了,0
89,,,哈哈哈,0
89,,,然后呢,0
90,(red),question,这几天我也想明白了,0
90,,,明白什么,0
90,,,喜欢一个人,0
90,,,可以去投入,0
90,,,可以去付出,0
90,,,但是及时止损，也很重要,0
90,,,你什么意思,0
90,,,既然不想联系了,0
90,,,（夺回主动权）我们互册吧,0
90,,,我失眠了两个晚上了,0
90,,,今天才确定,0
90,,,并不是我生病才失眠,0
90,,,越想拥有，越怕失去,0
90,,,现在反而轻松很多,0
90,,,互删吧,0
90,,,（吊）你非要闹成这样吗,0
90,,,我感觉你不喜欢我,0
90,,,我不喜欢你为什么大老远来找你,0
90,,,可能无聊,0
90,,,可能闲的,0
90,,,多说无益,0
90,,,我们在一起的时候,0
90,,,除了那条破路上，你牵我的手为我唱歌,0
90,,,我很喜欢这种单纯的感觉,0
90,,,我想和你在一起,0
90,,,我就会告诉你,0
90,,,不爱的借口千千万,0
90,,,只要你说你也想,0
90,,,我们之间的距离,0
90,,,只要你跨出一小步,0
90,,,剩下的,0
90,,,我都可以义无反顾的向你奔去,0
90,,,我也想好好对待你,0
90,,,我不想闹了,0
90,,,喜欢就是喜欢,0
90,,,哪里来的那么多猜疑隐忍,0
90,,,巴不得一日三餐吃了什么都告诉你,0
90,,,路上遇见小猫舔爪子也要拍给你看,0
90,,,其它的墨迹都是扯淡,0
90,,,我想问你一个问题,0
90,,,（夺回主动权）你想和我成什么关系,0
90,,,请诚实的说,0
90,,,我们什么关系,0
90,,,完全取决于你的表现,0
90,,,我敢打赌,0
90,,,我绝对不会爱上你,0
90,,,你信吗,0
90,,,还用说吗,0
90,(green),answer,挂在嘴边的哪是爱,0
90,,,好怕自己会喜欢上你,0
90,,,傻,0
91,,,你不用考驾照了，我想清楚了，我们确实更适合做朋友,0
91,,,怎么突然想清楚了,0
91,,,你就说行不行吧,0
91,,,行啊，我们本来就是好朋友,0
91,,,对啊，不过你也是我为数不多的朋友当中很特别的存在了,0
91,,,为什么,0
91,,,因为跟你在一起比较轻松惬意吧，可以做真实的自己,0
91,,,我还有这个用处,0
91,,,所以这样相处久了，也还是会有一点老夫老妻的感觉,0
91,,,你只要别用好朋友的身份让我跪搓衣板就行,0
91,,,哈哈哈，不会啊，我只是觉得朋友比恋人更长久,0
91,,,你也不用太纠结，可能我喜欢的就是那种做自己最舒服的状态，顺其自然就好了,0
91,,,再说了，我觉得我们的关系不应该是一道压力在你身上的选择题，而应该是一道我们两个共同思考和创造的填空题,0
91,,,为什么是填空题,0
91,,,因为不管做什么选择，都会有遗憾，但是爱是可以创造的,0
91,,,几天不联系，感觉你变成熟了好多,0
91,,,这可要谢谢你，要不是你拒绝了我，绐了我很多时间和空间去反思自己，说不定我还一直是那个傻傻的男人,0
91,,,意思是，我拒绝你是对的喽,0
91,,,也不能这样说吧，其实你拒绝我是没有任何问题的，因为之前我确实太直男，不够尊重你的想法，也不够懂你真正想要的是什么，谢谢你给我的人生上了很重要的一课,0
91,,,你这是真的打算放弃了，那你到底喜欢我什么呀,0
91,,,我喜欢的是，上一次一起散步，你对着夕阳拍照眯起的眼睛，是我冬天带你去吃冰滇淋，你明明冻得发抖，还是一口一口使劲咬的小嘴，是我带着你去爬山那天，你很累坐在我的副驾驶打瞌睡，皱起的眉头，我觉得这些最美好的回忆，永远都在我的心里，跟我以后喜不喜欢你都没关系,0
91,,,你都记得这么清楚,0
91,,,关于你的事我没有刻意去记，反正就是不会忘，一直在脑海里面翻来覆去,0
91,,,那你记得我这周想去哪里玩吗,0
92,,,能不能问你一个问题，希望你能坦率的回答，这个问题不会很出格,0
92,,,嗯，你问吧,0
92,,,你是不是在刻意的冷淡我和你的关系,0
92,,,算是吧,0
92,,,其实问这两天反复的看了跟你的聊天记录，我自己也吓了一跳，没想到我不自觉得跟你发了那么多消息，我本来也不是爱多想的人，但是最近我想了很多,0
92,,,嗯，我也没想到我们会聊那么多，你想了什么了,0
92,,,我觉得你拒绝我的原因可能有三种，第一是你觉得现在的生活挺好的不想被打破，第二是你对我不够了解对待感情比较填慎,0
92,,,那第三点呢,0
92,,,第三点就是你一点也不喜欢我，你只是礼貌性的和我交往,0
92,,,好像确实有这三种原因，但我实话实说前两者都有一些，但第三点如果我对你没什么感觉也不会和你聊那么久,0
92,,,其实这三个原因我都能接受，我知道当你拒绝我的时候无论我怎么应对，至少当下是你想再观察观察，所以你不用有压力,0
92,,,是的，我只是觉得感情这种事还是要多了解一下，你这么说我就没压力了,0
92,,,我曾经也被人这样表白过，但我没想到在我们的关系里我会以这样得方式进场,0
92,,,哈哈,0
92,,,谁还曾经没当过舔狗了呢，我能理解你，我以前也这样,0
92,(green),answer,如果你有压力我会自动变朋友，我不喜欢放弃，但我更不喜欢纠缠,0
92,,,不会有压力，相反你这么说我会觉得你对感情很认真，貌似也从来没有和你这么聊过，听到你内心的真实想法也沒有花里胡哨得的回答,0
92,,,我并不想你现在答应我，这样反而让我觉得不真实,0
92,,,啊为啥不真实,0
92,,,因为太快了，我想慢慢来,0
92,,,这样着挺好啊,0
92,,,但我觉得既然我们相遇了，而且在同一座城市，是一个相见就能见的距离，作为男人我应该勇敢一些,0
92,,,哈哈哈,0
92,,,那看你表现喽,0
93,,,你的心意我大概知道了,0
93,,,但是你还是不要追我了，我现在不想谈恋爱,0
93,,,不好意思,0
93,(red),question,你37度的嘴，怎么能说出这么冰冷的话,0
93,,,没和你开玩笑,0
93,,,我认真的,0
93,(red),question,那我找个榴莲跪着听，跪好了，我犯啥天条了,0
93,,,你觉得你很幽默？,0
93,(red),question,在你面前就不叫幽默了，叫戏子只为博美人一笑,0
93,,,你还博我笑,0
93,,,确定不是气死我？,0
93,,,其实我说那些话没考虑太多，就只是想让你多开心一点,0
93,,,算了吧,0
93,,,你的小愿跟你的口红一样,0
93,,,我消受不起,0
93,,,口红只是借口，电影也只是铺垫，我想要的，只是你嘴角上扬的那个瞬间,0
93,,,最近我感觉你情绪不太好，所以我想，不管是看一场有趣的电影，还是涂上美美的新色号，你都会稍微快乐一点，那样我也就满足了,0
93,,,你是这样子想的？但是我还是不想原谅你,0
93,,,是你误会了我，应该是我原谅你,0
93,,,做梦吧你,0
93,,,如果总能梦到你的话，一直做梦也不错,0
93,,,你少来,0
94,(red),question,"好久没有联系了，感觉你有什么心事, 今天坦白局只讲真话，不玩虚的",0
94,,,我能有什么心事,0
94,(red),question,我感觉你在骗我,0
94,(red),question,都说世界上没有不骗人的女生，除非那个女生长得不好看,0
94,,,为什么,0
94,,,因为长得不好看，骗我也不信啊,0
94,,,哈哈哈，我就是最近挺忙的,0
94,,,我也挺忙的，所以觉得每次空下来交流都应该被认真对待,0
94,,,也不是故意不理你,0
94,,,我只是不喜欢不明不白的暧昧不清,0
94,,,其实我也不喜欢，毕竟高频率的聊天不是为了取悦谁， 开开心心的就足够了，从这件事看得出来，你对待感情很认真，挺不错的，至少不会随便来个人就把你拐跑了,0
94,,,但我还是不太想理你,0
94,,,如果因为之前我说想你了的原因，你确实可以不理我,0
94,,,为什么这么说,0
94,,,我能想到的表达爱意的方式有很多，突如其来的小惊喜，一起吹着海风，看着东升西落，但是所有看起来很浪漫的事，都不如一句我想你来的真诚，所以就算明知道你可能会不高兴，我还是忍不住这样做,0
94,,,但是我怎么知道你是不是在广撒网,0
94,,,不过你放心，我不是心血来潮,0
94,,,也不是着急的想确认一段关系,0
94,,,既然你还没有考虑好,0
94,,,那我们可以先从朋友做起,0
94,,,朋友？你说的？,0
94,(red),question,你只要别在半夜睡不着的时候，偷偷想我就行,0
94,,,你也太自恋了吧,0
94,,,自恋总比没有人喜欢好吧,0
94,,,就好像我总是习惯保存你的照片,0
94,,,听你听过的歌,0
94,,,看你看过的电影,0
94,,,却忘了,0
94,,,我也需要被爱,0
94,,,我觉得自恋挺好的,0
94,,,好好爱自己,0
94,,,好好过生活,0
94,,,哎呀，别这么委屈,0
94,,,你这样安慰我，我还挺开心的,0
94,,,我说的是事实，你真的挺好的,0
95,,,其实我无所谓恋人还是朋友,0
95,,,因为从一开始我跟你聊天就没有任何目的,0
95,,,只是我们聊天很愉快，能让我放下一天的疲惫,0
95,,,东西你买的吗,0
95,,,之前惹你生气了,0
95,,,买来哄你的,0
95,,,嗯,0
95,,,现在我们情况尴尬，你要是不喜欢就扔垃圾桶吧,0
95,,,东西很喜欢，谢谢,0
95,,,感觉你最近挺忙的,0
95,,,本来就很忙啊,0
95,,,之前怎么没有发现,0
95,,,因为你只看见了我那些所谓的纠缠,0
95,,,那些所谓的只会找你没事干,0
95,,,你却不知道我白天陪你，晚上加班,0
95,,,其实今天我不太想回你,0
95,,,我之是怕没人理你太孤单,0
95,,,想找我聊天的男生多的是,0
95,,,原来这就是我们一直都是朋友的原因,0
95,,,我突然感觉我像一个傻子,0
95,,,你能骗到我是因为信任你,0
95,,,你能伤害我，是因为我把你看得很重要,0
95,,,现在不重要了，你别打扰我了,0
96,(red),question,为什么你这么漂亮，还要相亲啊,0
96,,,哪有漂亮啊，你都没有见过我，照片都是P过的,0
96,,,照片p的好看，那也得底子好才行了，别谦虚了，哈哈哈,0
96,,,比我漂亮的太多了，那你为什么单身呢,0
96,,,可能我长得太像渣男了，女孩子都不信任我,0
96,,,渣男可是长得帅又有钱，还会哄女孩子开心，你占哪几样,0
96,,,小弟不才，除了第一样马马虎虎，后面都还不错,0
96,,,我可没看岀来,0
96,,,其实我确实挺花心的,0
96,,,终于承认真面目了？,0
96,(green),answer,对啊，因为你的每个样子我都喜欢,0
96,,,哈哈哈，你少来，你都没有见过我,0
96,(green),answer,看你每天发的照片就够了，求你不要再打扮的那么漂亮了，给你的朋友圈其他女生留点自信吧,0
96,,,我晕了，哪有你说的那么夸张,0
96,,,那你现在开心吗,0
96,,,开心啊，怎么了,0
96,,,看，还说你看不就来我会哄你开心，我明明就可以,0
96,,,那我承认，你有钱吗,0
96,,,不说别的，只要是你想要的，我都愿意给你买,0
96,,,态度不错，万一你只是长得不帅的渣男怎么办,0
96,,,我对待感情其实一直都很认真，单身也只是因为我一直都没有遇到很喜欢的人，虽然别人可能觉得我是一个渣男，但其实我自己的内心一直都很清楚我的为人，我也不在意别人的看法，如果幽默就是会撩，体贴就是钓鱼，关心就是花心，那我就当个这样的渣男我也认了,0
96,,,好啦，我相信你，感觉你的人挺好,0
96,,,果然好男人都只能收到好人卡,0
96,,,我不是那个意思啦,0
96,,,我承认我对你是有好感的，认识你啊，就像刚翻开一本书，刚看了前面的序介，但剩下的精彩我还一无所知，我想先慢慢的去了解你，你愿意和我一起吗,0
97,(red),question,我发现你最近变化蛮大的,0
97,,,怎么了,0
97,,,是不是一夜暴富了,0
97,,,啥,0
97,(red),question,沉默是金嘛，这么久都不回消息，肯定是发财了,0
97,,,哈哈,0
97,(red),question,可能你永意念回复过了，我没收到,0
97,,,没有,0
97,,,我忘记了,0
97,,,想和你说个抱歉,0
97,,,我之前讲话让你不舒服了,0
97,,,没有啊,0
97,,,怎么突然这么说,0
97,,,可能我之前有些话说的不太合适,0
97,,,也是思考再三,0
97,,,还是觉得应该和你说个对不起,0
97,,,我也不知道为什么,0
97,,,像我这种人没什么恋爱经历,0
97,,,嘴巴又笨,0
97,,,本来想逗你开心,0
97,,,结果还是搞砸了,0
97,,,没事啦,0
97,,,没关系,0
97,,,"因为你是在意的人, 才更要认真对待",0
97,,,所以我才认真的和你说这些话,0
97,,,我说话可能有点直接,0
97,,,但上次真的让我好生气,0
97,,,我道歉可能也有点直接,0
97,,,你懂我就好,0
97,,,想起上次我们去看恐怖片,0
97,,,本以为小鸟依人的是你,0
97,,,沒想到却是你躲在我的怀里,0
97,,,哈哈哈,0
97,,,你别说了,0
97,,,我现在尴尬的都抠出三室一厅了,0
97,,,哈哈哈,0
97,,,活该,0
97,,,谁让你那么胆小,0
97,,,你说的对,0
97,,,以前就是我太胆小了,0
97,,,甚至,0
97,,,不敢展示真正的自己,0
97,,,现在我明白了,0
97,,,要学会大大方方的表达自己,0
97,,,喜欢不是油嘴滑舌的甜言蜜语,0
97,,,应该是炙热而真诚的,0
97,,,悟性不错,0
98,,,我认真想过了,0
98,,,我们确实更适合做朋友,0
98,,,想好了？,0
98,,,想好了一半，接下来看你表现了,0
98,,,还看我表现,0
98,,,是啊,0
98,,,"我都不追你了, 你的特权就没了",0
98,,,所以你得小心了,0
98,,,小心什么,0
98,,,"最近偷猪的人还挺多, 我看你长得眉清目秀, 小心被人偷走了",0
98,,,哈哈哈,0
98,,,你好烦啊,0
98,,,看来是我想多了,0
98,,,别多想,0
98,,,其实早在那天我就放弃你了,0
98,,,哪一天,0
98,,,那天我摔了一跤,0
98,,,从楼梯上滚下来,0
98,,,我第一时间想到的不是严不严重,0
98,,,或者疼不疼,0
98,,,而是打开微信和你分享,0
98,,,这样我们又有话题了,0
98,,,但你却觉得我的消息是打扰,0
98,,,"现在我想了想, 之前难以放下的原因, 大概，是你在我心里拿过满分吧",0
98,,,我不是有意伤害你的,0
98,,,但是我还是觉得做朋友会更好,0
98,,,确实,0
98,,,毕竟和伱聊天还不如客服回复快,0
98,,,还管我叫宝贝,0
98,,,我的错喽,0
98,,,既然你这么洒脱,0
98,,,和我说这些干嘛,0
98,,,算是朋友的忠告吧,0
98,,,毕竟如果感动只换了一句做朋友,0
98,,,那我们还不如去拜把子,0
98,,,拜把子,0
98,,,别人都在红楼梦谈情说爱,0
98,,,只有我们在水浒传称兄道弟,0
98,,,哈哈哈,0
98,,,之前怎么没看出来你这么幽默,0
98,,,之前想和你说挺多话,0
98,,,但是你的语气,0
98,,,堵得我哑口无言,0
98,,,可能是我太过稚嫩的爱，让你觉得有压力，但是你要明白，那并不是我的本意,0
98,,,那你现在和我说,0
99,,,这好解决啊,0
99,,,什么意思,0
99,(red),question,以后出来玩换你约我，牵手什么的你主动，我负责害羞然后推开我,0
99,,,想得美,0
99,,,我主动你说太快了，我不主动你也不主动，你还真是会为难人,0
99,,,怎么，你还嫌弃我,0
99,(red),question,嫌弃你腿太长，站我旁边显得我比例不好，嫌弃你笑的那么可爱，让我一想到就想见你,0
99,,,哼，那你去找別的腿短笑的又不可爱的女生啊,0
99,,,随便聊几句就让我找别人，看来不想负责的是你吧，渣女,0
99,,,呸，你才渣，我还怕你发展的快，不珍惜呢,0
99,(red),question,是挺快的，如果不快一点，我真的很怕你被别人抢走，毕竟现在猪肉又打折了,0
99,,,你才是猪，我又怎么知道你有多少诚意呢,0
99,,,"我觉得在爱情里面能觉得在一起的从来都是人，跟时间没有关系, 如果时间可以代表爱情，那我们为什么要这么晚才遇见",0
99,,,其实你会担心的问题我也考虑过，我不敢保证我们以后绝对不会吵架，但我能向你保证的是，无论遇到什么问题，无论遇到什么事，我都会跟你一起解决,0
99,,,如果你现在还是想慢慢来，我也尊重你的选择的，但我不会在一个没有结果的事情上浪费太多时间,0
100,,,跟你说个事情,0
100,,,你说,0
100,(red),question,我刚刚在8点06分的时候想了一下你,0
100,,,干嘛突然想我！,0
100,,,我看你是无聊了,0
100,,,是挺无聊的，所以就想想你,0
100,,,无聊的时候才想我啊,0
100,(red),question,其实我拉屎的时候也会想你,0
100,,,你是真的喜欢我吗,0
100,,,废话，不喜欢你天天找你聊天,0
100,,,那你到底有多喜欢我,0
100,(red),question,即使用整个太平洋的水，都浇不灭我对你爱的火焰,0
100,(red),question,这种程度够不够,0
100,,,不够,0
100,(red),question,这样都不够的话，那我只能燃烧我的生命去爱你了,0
100,,,感觉你太会聊了，油油的，等再过一段时间，你的热度就消退了吧,0
100,,,我觉得你对我可能就只是有好感而已，并不是那种男女之间的喜欢,0
100,,,"看来我说什么你都不信, 这样吧，我们来打个赌",0
100,,,打什么,0
100,(red),question,人的心跳是不由自己控制的，但在喜欢的人面前会本能的心跳加速，让你听下我的心跳，如果加速了就说明我喜欢你,0
100,,,好啊,0
100,,,要是你输了，就让我亲下你,0
100,,,要是你输了怎么办,0
100,,,我输了，这辈子做牛做马悉听尊便,0
100,,,好，可以,0
100,,,择日不如撞日，你在哪？我去找你,0
100,,,刚刚忘了问你了，亲你的时候你心跳加速了吗,0
100,,,有点,0
100,,,其实我听到了，哈哈哈哈,0
100,,,哼，知道还问,0
100,,,身体是骗不了人的，说明你也是喜欢我的,0
100,,,哼，看把你得意的,0
151,,,最近怎么样啊,0
151,,,一般般，就那样,0
151,,,最近你都不找我聊天,0
151,,,你是人民币吗？就没你不行了，别想太多了哈,0
151,,,你认真的？,0
151,(red),question,我对你认不认真，你心里最清楚啊,0
151,,,我都说了之前是因为没时间才没回你,0
151,,,人都有执念，但不可以执迷不悟，等红灯的60秒，我喝了一口咖啡，拍了张照片，回了你好几条消息，还给你分享一首我最喜欢的歌，你告诉我，什么叫没时间？我只能认为你的时间不愿意花在我身上，那我愿赌服输，再见啦,0
151,,,真的要走的人，是不会大声关门的,0
151,,,？,0
151,,,想我了吗,0
151,,,大家都挺忙的，有事说事,0
151,,,你很过分,0
151,,,我过分吗？可能吧，过分的用力爱你，过分的专注这段感情，即使你到现在还在怪我，我却依然过分的，不争气的想着你的感受，想来确实挺过分的吧,0
151,,,你不能让我吗,0
151,,,怎么让呢？让到什么程度呢，让到这段感情被慢慢的磨损掉吗，是我亲手册掉了我最爱的人，我们在人海当中相遇，现在我又亲手把你送回人海，该说不公平的人是我。后来我才发现真正折磨我的不是你，是回忆，是聊天记录，是你的那张脸，是你的笑，你对我说过的话，我不想再被困在那段回忆里了,0
152,,,哈咯,0
152,,,哈咯,0
152,,,嗯嗯,0
152,,,刚去看了你的朋友圈,0
152,,,我朋友圈三天可见，没什么好看的呀,0
152,(red),question,本来想看看照片夸夸你的，现在只能靠想象了,0
152,,,哈哈哈，你打算怎么夸？,0
152,(red),question,不仅长得好看，感觉还有故事,0
152,,,这又是怎么看出来的,0
152,(red),question,看来猜中了，我刚好有酒，不知道能不能成为你的听众,0
152,,,这个要看缘分的，你多大呀,0
152,,,92的,0
152,,,那也不是很大呀，怎么平时看起来老气横秋的,0
152,,,你呢,0
152,,,95的,0
152,,,看起来像00后的小姑娘，有机会画大饼给你吃,0
152,,,欺负人,0
152,(red),question,谁欺负谁，回得这么慢字数还这么少,0
152,,,哈哈哈，能和我聊这么多的人也不多,0
152,,,那你更不应该欺负我了,0
152,,,好不容易遇到一个像我这样聊得来的，你要是欺负我的话，小心我不理你了,0
152,,,怎么说得像是我要追你一样,0
152,,,非得是谁追谁，就不能是双向奔赴吗？看来你对聊得来这件事情太过轻视了，想找一个有钱有颜有才华的另一半，并不算什么难事，但是聊得来，往往是可遇不可求的，你可以仔细想想，在你的成长轨迹中，无论是知己好友还是亲戚同事，能够称得上聊得来的人，是不是屈指可数？这样一想，你是不是也觉得应该好好珍惜我了？,0
152,,,我都要被你绕晕了，反正结局一样，没什么好珍惜的,0
152,,,有没有可能是你从来没有付出过真心呢？你一副生人勿近的样子，把自己保护起来，那别人又怎么走进你的内心呢？虽然我不能跟你保证新鲜感永远不会褪去，但你来联系我，我就愿意听你说，你不联系我，我就跟以前一样，顺其自然,0
153,,,这几天工作好多好累啊，好烦,0
153,,,累了都知道给我发消息，看来是真爱了,0
153,,,别自恋,0
153,(red),question,反正我累的时候就会看看电视，喝杯咖啡，只有特别重要的人我才会拿起手机给她分享情绪,0
153,,,我只是突然想起你了,0
153,(red),question,如果只有闲着无聊跟我说这些，我觉得我还是把精力放在其他人的事上吧,0
153,,,比如,0
153,,,怎么才能让我喜欢的人喜欢上我,0
153,,,你这工作狂还会有喜欢的人,0
153,,,有是有，但我也不知道她喜不喜欢我，我跟她现在不在一个城市，每天靠着一个手机联系，我去找她本来因为是想见她，但是因为嘴笨不知道聊什么，就一直聊工作，所以也没试探出来她到底对我什么想法,0
153,,,你不会在说我吧,0
153,,,我也不知道是不是喜欢你，但你带给我的感觉是跟别人不一样的，我不自觉的想见你，想知道你的一举一动，想再多了解你一点,0
153,,,恋爱不简单,0
153,,,难吗？那天我看到一个故事，有个男孩问她的奶奶异地恋会幸福吗？他奶奶说，只是异地又不是见不到，地域距离不是距离，心的距离才是，我已经异地十几年啦，但我还是希望他在那边一切都好，就算怀念我也很幸福,0
153,,,谁都保证不了能和谁过一辈子,0
153,,,谁都不能保证？还是你不能保证？反正在我眼里，只要我爱一个人，那她就是我不爱其他人的理由,0
153,,,我就相信你一次,0
154,(red),question,有时候我真的挺羡慕那些渣男的,0
154,,,？,0
154,,,毕竟都说长得好看才叫渣男，而像我这种一般的都叫“那个男“的，然后配了一张好人卡,0
154,,,内涵我呢？有话直说,0
154,,,没有，我只是觉得像你这样能够大大方方的拒绝我，也不算什么坏事,0
154,,,所以呢,0
154,(red),question,（灵魂认同原则）所以这也是一开始为什么喜欢你的原因，但接触下来才慢慢发现，你虽然看起来很好相处，但实际上很难能有人走进你的心里,0
154,,,或许吧,0
154,,,就像那天我当着大家的面向你表白，是因为我感觉你应该会答应，但实际上，你却还没有真正的接受我，但也是因为被你拒绝，我才更加坚定了自己的选择是正确的,0
154,,,我都拒绝你了，你还觉得是对的？,0
154,,,（肯定心里法则）因为这件事让我看到，你是一个很有自己主见的人，不会盲目听取别人的意见，也不会让自己委曲求全，被迫迎合,0
154,,,这么有觉悟,0
154,,,可能你以前总想着怎么给我发好人卡了,0
154,,,我可没有,0
154,,,（感同深受心里）其实是因为每次看到你假装坚强，委屈自己迎合客户，领导，我都挺心疼的，其实我知道，你也是一个需要被照顾的小女生，也想找个肩膀靠一下,0
154,,,不值得你付出那么多,0
154,,,我也不知道，可能是第一次见你吧，其实当时我只想知道你的名字而已，但我这个人有点贪，还想给你做早餐，晚餐，想陪你散步聊天，想成为你的依靠，想你在我这里做回你心里的那个小公主，想你以后心里只有我，更想和你有一个以后,0
155,(red),question,你好像在很着急的拒绝我,0
155,,,嗯,0
155,(red),question,你在默认我是你的追求者吗？,0
155,,,你自己不清楚，你说那话不就是这个意思？,0
155,,,确实是喜欢，但是在不在一起，对于我来说并不是很重要,0
155,,,什么意思,0
155,,,因为我喜欢的就是那个爱运动，有点可爱，活泼好动的你，自然而然的被你所吸引，喜欢这件事儿有没有结果其实并不是很重要，你在哪我就喜欢，至于我们是什么关系真的不重要,0
155,,,你会一直喜欢我？,0
155,,,我们可以尝试将关系抛之脑后，只做想做的事，顺其自然的发展，我相信不久之后你就会得到答案,0
155,,,我还是想知道，我们现在算什么关系,0
155,,,你说的朋友啊？,0
155,,,你确定吗,0
155,(red),question,说不心动是假的，但是被我压制起来了,0
155,,,如果我再给你一个机会，你会好好珍惜吗？,0
155,,,当然,0
157,,,我喜欢你，并不是因为你长得好不好看，而是在特殊的日子里，你给了我别人给不了的感觉，也并不是因为我喜欢的样子你都有，而是你的样子我都喜欢,0
157,,,我们做朋友不好吗？,0
157,(red),question,朋友？之前箅是陌生人吗？还是陌生人试用期到了现在转朋友了,0
157,,,你到底怎么了,0
157,,,也没有，就是觉得你和别的女生也差不多，既然无法相爱，那就一别两宽各自为安吧,0
157,,,要放弃了？,0
157,,,宝贝，你一直不回我买裙子就找我，我都放弃了你又要来找我，我也很难办啊,0
157,,,没必要在意什么关系,0
157,,,我一直觉得相互惦记的两个人不应该没有结果，所以可能只有我在单向想你吧，你要是对我没有感觉，不要浪费我的时间,0
157,,,可以慢慢了解吗？,0
157,,,慢慢了解我这个人，还是慢慢了解我对你的好？,0
157,,,慢慢了解你呀,0
157,,,快？快三个月了，你觉得快？那你换个备胎吊吧,0
157,,,一定要做得那么绝吗？,0
157,,,是,0
157,,,你真的绝情啊,0
157,,,从始至终绝情的人都不是我，你以为我就忍心不理你吗？在这个期间，我想过我们相识相知的整个过程，我给过你的承诺，我说过喜欢你，甚至还卑微的求过你，回过头才发现我从末真正拥有你，如今我想明白了，你就是正确答案，只是我拿错了试卷,0
157,,,你现在还喜欢我吗？,0
158,(red),question,刚刚看了你的朋友圈，有点失落,0
158,,,怎么了,0
158,(red),question,本来想用你的照片夸夸你的，现在只能靠想象了,0
158,,,哈哈，我朋友圈没什么照片，都是吃的,0
158,,,今天还没发，看来应该是还没吃饭,0
158,,,你不会是想约我吃饭吧,0
158,,,那倒不会，主要还不知道你的名字，邀请函都没法写,0
158,,,我叫x x x,0
158,(red),question,Y Y Y，据说名字越复杂的人，越聪明，跟聪明的我一起玩，你也会变聪明的,0
158,,,本来就不笨好不,0
158,,,那为什么感觉你呆呆的,0
158,,,我很聪明的好吗,0
158,(red),question,都说越聪明的女生越会骗人，那看来我要有点防备心了,0
158,,,应该我对你有防备心吧，你肯定谈过不少女朋友,0
158,,,谈恋爱本来就是前人栽树后人乘凉的事，现在树大好乘凉了，也没必要嫌浇过水的人多吧？,0
158,,,我不喜欢身边关系复杂的男生,0
158,,,确是，但我觉得更可怕的是，你以为自己走近他了，然后觉得他并不复杂，而实际上他身边的人都不知道你的存在，真正的好男人应该是愿意和你大大方方的相处交往，愿意把你带进自己的生活圈子，拿得起放得下，敢直面自己的喜欢，也有被拒绝的勇气，这样的人才值得信赖,0
158,,,有道理,0
158,,,那你喜欢怎样的女生,0
159,(red),question,最近每天在家无聊不,0
159,,,是啊，太无聊了,0
159,,,那你每天在干嘛，躺着刷剧打游戏？,0
159,,,对啊，刷剧都刷的差不多了，游戏又把把输放弃治疗了,0
159,,,哈哈，好有画面感，我感觉你人都要发霉了,0
159,,,你每天在干嘛,0
159,,,我一直在思考一件事情,0
159,,,什么,0
159,(red),question,我在思考，你怎么做到打游戏把把跪还不回我消息的,0
159,,,忘记回复,0
159,(red),question,下次见面请我喝一杯波波奶茶，我就原谅你,0
159,,,你不是在减肥吗,0
159,,,但不要奶茶，要波波也行,0
160,,,肚子好疼，真羡慕你们男人不来列假,0
160,,,这还不好办，我这里有疫情剩下的的布洛芬,0
160,(red),question,布洛芬不收钱，闪送费30，我送的话50,0
160,,,为什么你送要50趁火打劫是吧,0
160,,,那我人都过来了，不得给你熬点红糖水，再熬锅粥，这个服务不贵吧,0
160,,,我们俩这关系，谈钱伤感情了,0
160,(red),question,我也想给你免费的，但是我们这关系不太合适啊,0
160,,,都是朋友，有什么不合适的，不想关心就直说,0
160,,,其实你也不用强调朋友两个字，我不是不识趣的人，放假在家躺着，其实我也不想动,0
160,,,我也不是这个意思，就是来例假了，心情有点烦,0
160,,,电视剧里的男二永远都是陪衬，喜欢女主却得不到幸福，你觉得对他来说公平吗？,0
160,,,好像不太公平,0
160,,,我虽然不是那个男二，但看着喜欢的女生的眼前，却只能和她当朋友，将喜欢藏在心底，这难道对我就公平吗？,0
160,,,我感觉不太适合,0
160,,,但你要知道，从来都没有天生合适的两个人，真正的感情不应该是磨合，体谅和谦让吗？如果你是靠脾气性格去筛选，那你继续选吧，希望你筛选到最好最合适的男人,0
160,,,你不担心看到我的也只是表面吗？,0
160,,,我以前也以为我不会喜欢一个连饭都不会做的女生，但我还是喜欢上，所以我才去网上学怎么熬粥，第一次熬有点慢，但是也快好了,0
160,,,如果我心动怎么办,0
160,,,你也该心动了，都说近水楼台先得月，我都守着月亮这么久了，月亮也该看看我了,0
161,(green),answer,感觉和你聊天挺像我家热水器的,0
161,(red),question,？,0
161,(green),answer,本来挺热的，突然来了个透心凉,0
161,(red),question,没有吧,0
161,(green),answer,网上说当你洗澡水变冷的时候，是有人和你共享水资源了，所以你能不能让那个洗碗的先停一下,0
161,(red),question,哈哈哪有什么洗碗的，只是最近太忙没时间,0
161,(green),answer,没有时间？那你觉得我时间很多吗,0
161,(red),question,什么,0
161,(green),answer,我知道那天我说了一些不该说的话，但是你扪心自问，我对你的付出还不够吗，我能理解你当时情绪很激动，但希望你也可以理解我的苦恼，所以你大可不必用这态度对我,0
161,(red),question,可是你当时说的话真的很过分啊,0
161,,,对不起,0
161,(green),answer,不好意思，不是只有你一个人不开心，我现在还顶着重感冒和你说话，如果你想说的只有这些，那还是让我安心睡个好觉吧,0
161,(red),question,严不严重,0
161,(green),answer,虽然我自己扛几天就能好，但是还是想要被某人关心关心，不然总觉得心里不太舒服,0
161,(red),question,切，我还以为你真的病的很严重呢,0
161,(green),answer,所以在你眼里，只要我生的病不严重，就无所谓吗？,0
161,(red),question,我真的很难受,0
161,(green),answer,你难受我就不难受吗，与其互相折磨，不如一别两宽,0
161,(red),question,值得吗？,0
161,(green),answer,分享让我留在你身边，其实这首歌应该让我分享给你，我不是一个有计划的人，但为了跟你不出意外的在一起，考虑了好多可能，也排除了无数的不确定因素，才找到了这次机会，就想和你有个末来，所以就像这首歌的名字一样，让我留在你身边好吗,0
162,(green),answer,其实我一直觉得我感情路挺顺的，直到遇见了你,0
162,(red),question,？,0
162,(green),answer,我之前的感情路，就像一条还没有开放的高速，原本只有我这一辆车，想怎么开就怎么开，可不知道谁把你放进来了，一来就是个超跑,0
162,(red),question,追不上就放弃呗,0
162,(green),answer,不过我不是轻言放弃的人，我坚信，就算只是一辆五菱宏光也有能力和跑车并驾齐驱,0
162,(red),question,有自信挺好,0
162,(green),answer,其实你不用质疑我讽刺我，你我都清楚，喜欢不是自我感动，更不是牺牲自己的时间精力，去引起对方的注意，我也是有家人疼，有亲人爱的人，如果我们连基本的尊重和相信都做不到，那也确实没有坚持的必要了,0
162,(red),question,能想明白就好,0
162,(green),answer,那我也不知道你这个挺好，能坚持几天，毕竟你总是拿朋友关系堵得我哑口无言,0
162,(red),question,自由一点挺好,0
162,(green),answer,我当然知道永不分开的公式是做朋友，但第一眼心动的人，是不会甘愿只做你生活中的旁观者的，都说上了赌桌的人，没人想空着手离开，所以你不要怪我贪心，我就是想参与你的生活，我做不到和你做云淡风轻的朋友，因为我望向你的眼神，实在算不上清白,0
162,(red),question,你没担心你做的这一切得不到回应吗？,0
162,(green),answer,这个世界上可能很多事都很看重结果，但感情不是，就像明知道花总有一天会凋零，还是会有人为了看到花开，一直陪伴左右，我告诉你我的心意，也不是为了逼你给我一个满意的答复，我只是觉得爱一个人应该让对方知道，哪怕被回绝，被辜负，也总好过藏在心里没人知道,0
163,(green),answer,什么意思啊，跟你打招呼还装作没听见,0
163,(red),question,你认错人了吧,0
163,(green),answer,不是你吗？刚遇到一个美女，穿了一条和你上次一样的裙子，我还以为是你,0
163,(red),question,有那么像吗？,0
163,(green),answer,该给你拍张照片的，真的很漂亮，可惜,0
163,(red),question,我看你就是喜欢看美女,0
163,(green),answer,想什么呢？我只是觉得可惜咱俩没张合影就算了，好不容易遇到一个像你的也没拍张合照,0
163,(red),question,我怎么觉得你在这里套路我的,0
163,(green),answer,我要真会那么多套路，也不至于单身到现在，而且我妈都急着给我报名非诚勿扰了,0
163,(red),question,不至于吧，你单身这么久，不至于一个女生都没好好接触过吧,0
163,(green),answer,有一个吧，算是蛮有好感的,0
163,(red),question,然后呢,0
163,(green),answer,你干嘛问这么详细,0
163,(red),question,不说算了,0
163,(green),answer,那你要替我保守秘密,0
163,(red),question,肯定的，你快说说好不好看,0
163,(green),answer,还行吧，高高瘦瘦，长头发，大眼睛，眼角有颗痣，特别美，而且我发现她吃饭用左手，写字的时候用右手，据说这样的姑娘聪明，但我觉得有点笨，而且有时候脾气有点暴躁，不过生气起来还是挺可爱的,0
163,(red),question,你喜欢的该不会是我吧？,0
163,(green),answer,与其说是喜欢，我觉得更多是欣赏，从最开始我发现你在人群当中发光开始，到后面看到你认真工作认真生活的模样都让我特别心动，对待感情，我一直认为如果是双向奔赴，那就是上天赐给我的幸福，如果不是，那就顺其自然不强求,0
163,(red),question,万一我没你想的那么好,0
163,(green),answer,这个世界上没有所谓的完美，即使你认为自己的不足像星星一样多，但在我眼里，你的温柔，你的好就像太阳那样唯一而且耀眼。当太阳出来的时候，星星都全消失不见了，换句话在我这里，你值得所有的美好和宠爱,0
163,(red),question,从来没有人和我说过这样的话,0
164,(green),answer,有没有人说过你是一个很有底线的人,0
164,(red),question,？,0
164,(green),answer,都说在这个爱意随风飘的年代，爱要慢慢来，看来你是做好了和我打长久战的准备了,0
164,(red),question,你别自恋,0
164,(green),answer,我要是不再自恋点，那就不是慢慢来的问题了，是来都不来的问题,0
164,(red),question,莫名还挺有道理,0
164,(green),answer,你好像还是第一次发哈哈以后，后面难得多回了几个字,0
164,(red),question,之前你有多气人,0
164,(green),answer,但是我现在听到你夸我比骂我还难受,0
164,(red),question,什么意思,0
164,(green),answer,作天我去海底捞，看见一个女生过生日，服务员又是唱歌又是跳舞的，隔了好几桌，我都能感受到她的尴尬，现在想想，我那天的行为也挺离谱的，让你太难为情了，那天没有当着那么多朋友的面拒绝我，还维护了我的面子，我真挺感谢你的，所以现在你说我有趣，我这心里比你骂我还难受,0
164,(red),question,那天你不像好人,0
164,(green),answer,我倒希望自己坏一点,0
164,(red),question,什么意思,0
164,(green),answer,听说你们女生都喜欢痞坏痞坏的男人,0
164,(red),question,谁说的，我喜欢幽默有趣的,0
164,(green),answer,为博美人一笑，周幽王烽火戏诸侯，我不就是为了逗你开心嘛，这样以后过日子，还能多要点零花钱,0
164,(red),question,你怎么确定你喜欢上我,0
164,(green),answer,我也说不清楚，就是在你身边，我的心就狂跳不止，就像烟火升空，心里的每一个地方，都绽放出小小的烟花，哪里啦啦的响个不停，我明白你的顾虑，第一次见面产生的喜欢就像一阵风，很容易转瞬即逝，确实如此，所以我想两个人先从一顿饭，一张电影票开始，一起去创造更多的美好瞬间，把喜欢一点点积攒起来，在这个过程中，喜欢就变成了坚定的选择,0
164,(red),question,谁知道你会不会变,0
164,(green),answer,我自幼嘴笨，词不达意，本想晚点再告诉你，我这颗心啊，第一次见面，它就给了我扑通扑通的暗示，有人说一见钟情不是真心，是没有见过大海才会爱上小溪，我不想反驳，但我背上行囊往世界深处走去，我看见了星辰与海浪，我爱上了月光和夕阳，我看到过千万副皮囊，也算是看过那海洋，可我这颗心不让我爱上巨浪，唯有小溪旁我的心才得以平静,0
165,(red),question,我认真想了一下，其实我无所谓到底是朋友还是恋人，我根本就不感兴趣。对于我们是什么关系我也并不着急去定义，我感兴趣的是你今天穿的好看吗,0
165,,,这种事情本来就不应该着急,0
165,,,那你说的穿的好看，什么意思？,0
165,,,朋友之间分享一下彼此穿搭风格，有问题吗？,0
165,,,怎么了,0
165,,,朋友，你这么穿可不行了，一点都不防水,0
165,,,防水？,0
165,,,那可不得小心一点吗？如果友谊的小船翻了，可就得一起坠入爱河了,0
165,,,能不能给我一点时间,0
165,,,但如果我真的是你需要时间考虑之后才能做出选择的人，那你可以把需要点时间说成拒绝我，我不会纠缠,0
165,,,我不是拒绝你，当时我压力大,0
165,(red),question,其实我自己也还没弄明白，怎么就忍不住凑近了你，也许当时对你说并不是一个很好的体验，可是爱情最美妙的地方就源于它的不可控性，如果我当时的想法被理性控制，也许我到现在也说不清楚我对你到底是怎样的一种感觉，但现在我可以笃定的告诉你，我对你足够心动,0
165,,,如果你早点这么说的话，或许我们还有可能,0
165,,,我知道你只是担心遇到那些看不到真诚和尊重的人，他们只会带着短暂的好感和目的接近你，却从未看到过你敏感的内心，想不清楚的事情，或许你可以给自己按个暂停键，反正我己经打算给自己一段时间静下来好好想想了,0
165,,,你想说什么,0
165,,,这个世界总是让我们不停的面对突如其来的失去，洒了的牛奶，遗失的钱包，走散的友情或者爱情，当我无论做什么都于事无补的时候，唯一能做的就是花点时间去接受吧,0
165,,,其实我也不想搞成这样的,0
166,,,我要过生日了,0
166,,,不是还早？,0
166,(red),question,提前通知你一下，免得到时候你跟我一样，临时跑很远去买礼物,0
166,,,你是在邀功吗,0
166,,,邀功谈不上，我只是觉得既然我们是朋友，礼尚往来很正常,0
166,,,那你想要什么礼物,0
166,,,给我买个电磁炉吧，这样以后我就不会因为馋嘴，跑去现场对着你的火锅流口水了,0
166,,,你以为开玩笑我不生气,0
166,,,前两天有个朋友送了我一件很贵的大衣，但其实我根本就不喜欢穿大衣，再贵也不喜欢，这个时候我才懂，人不应该把自己认为的惊喜加强给别人，惊喜的定义本来就是收到惊喜的人给予，就像上次我以为你不舒服，就买了你爱吃的蛋糕想给你送过去，结果在楼下的时候，看到你和你朋友一起吃饭，不知怎么的，就没控制住自己，冲你发了火，真的很抱歉,0
166,,,你要改改,0
166,,,估计改不掉了，我也觉得没必要改,0
166,,,那随便你,0
166,,,改掉之前，我至少还可以主动朝你跑过去，改掉之后，我们的距离可就越来越远了,0
166,,,不用想方设法来讨好我,0
166,(red),question,可能在你眼里，我做的一切都是讨好你，但我想说，我享受的，只是爱一个人的过程，否则为什么明明无法预知未来，却还是有不计其数的人选择相信彼此，坠入爱的深渊呢,0
166,,,你不觉得累吗,0
166,,,怎么会累呢，记得我跨市去给你买想吃的东西那一次，60多公里的路程其实并不算短，可我一点都不觉得枯燥，因为想到你收到东西开心的样子，我就觉得一路的星光很可爱，月亮很可爱，连车窗里吹起来的冷风，也很可爱,0
167,,,虽然挺失望的，但还是挺谢谢你，这件事情也让我看清楚了，你是个什么样的人,0
167,,,你说什么,0
167,,,至少让我明白了你是一个对待感情很认真的人，不像有些人嘴上说着不想谈恋爱，结果今天是彭于晏的女朋友，明天又变成了吴彦祖的老婆,0
167,,,这不是基本的吗,0
167,,,道理是这么个道理，但有的人就是不𢤦啊，所以说还是我的眼光好，喜欢的人每方面都很忧秀,0
167,,,所以你有我这么一个好朋友，你就偷着乐吧,0
167,,,你用不着这样，就算你不暗示我，我也不会死缠烂打，毕竟我跟你表白，并不是非要跟你要一个什么男朋友的身份,0
167,,,为什么要跟我表白,0
167,,,我只是不想让自己遗憾，俗话说得好，大方表达爱意，从容接纳结局嘛,0
167,,,结果你的喜欢也并不像你说的那么坚定嘛,0
167,,,你这人挺奇怪的，一边希望我能保持朋友距离，一边又希望我对你的喜欢的永远不变,0
167,,,我只是觉得我们现在发展的有点快,0
167,(red),question,但感情的好坏并不是用时间来衡量的呀，冲动的喜欢和稳定的爱情也并不冲突，就像有的人相识很久也只是形同陌路，但也有人一相遇就知道非他不可,0
167,,,一般结局都会很惨,0
167,(red),question,好不容易在对的時间遇到了对的人，我更想在有限的时间里做快乐的事。比如说和你一起挤在小小的厨房里学做饭，就算手忙脚乱，肯定也会很幸福，或者在夕阳漫天的傍晚牵着手一起散步，比比谁的影子在路灯下显得更长，与其为了未知的结局担心，你为什么不试着大胆朝我靠近一次呢,0
167,,,我只负责吃饭,0
168,,,嗨,0
168,,,嗨,0
168,(red),question,看了你朋友圈的照片，感觉容易让人累着,0
168,,,为啥,0
168,,,因为会让人看好几遍,0
168,,,挺会夸,0
168,(red),question,主要看了好看的照片，心情好，所以嘴才甜的,0
168,,,感觉你像渣男,0
168,,,？在说跟你聊吃了吗，睡了吗，在干嘛是不是就不渣了？,0
168,,,那还是说不准的,0
168,(red),question,其实能被你认为是渣男挺好的，至少说明我的聊天让你感到开心快乐,0
168,,,你格局挺大呀，你今天多大？,0
168,,,96 的我猜比你大,0
168,,,我95叫姐姐,0
168,(red),question,也不是不行，不过叫姐姐有糖吃吗？,0
168,,,那得看叫的有多甜了,0
168,,,那我只能叫你妹妹了,0
168,,,为什么,0
168,(red),question,女生不是永远18吗，18当然叫妹妹了,0
168,,,你嘴挺甜,0
168,(red),question,嘴再甜有什么用呢？还不是尝不到甜甜的恋爱,0
168,,,你这么会说，身边还缺少小姑娘吗？,0
168,(red),question,我要真有你说的这么厉害，现在咱俩哪还有机会聊天啊？,0
168,,,哈哈,0
168,,,我承认我想谈恋爱确实不难，但我只想找一个跟我合适的人,0
168,,,什么样合适？,0
168,,,肤浅了啊，可能现在很多男生都喜欢这种浮于表面的东西，所以像我这种对外在要求不高，一心只想找一个跟我三观符合，志趣相投有高度灵魂契合的人也跟着被误解了,0
168,,,现在的人谈恋爱都太随便了,0
168,,,社会太浮躁，爱就像一阵风来得快去的也快，也许它可以短暂消解我们心中的躁动，但却带来不了一丝营养，所以我要抵抗，即便我知道抵抗的代价是孤独，我也一定要找到那个可以和我长久走下去，共度一生的人,0
169,,,我对你没感觉,0
169,(red),question,没事，我能理解，不过感觉不到位，一般分为两种情况,0
169,,,哪两种？,0
169,,,一种是前面谈过的恋爱很糟糕，受到了伤害，所以对后面的恋爱有戒备心，想要找个更安稳更有感觉的,0
169,,,另一种呢？,0
169,,,另一种就是谈过的恋爱太美好了，虽然已经分开，但总觉得后面遇到的人都大不如前,0
169,,,所以呢？,0
169,,,所以，我更希望你是第二种,0
169,,,为什么你还希望我好？,0
169,,,我对你的喜欢与你无关，我一直都觉得喜欢一个人，不一定非要一个什么结果，有句话叫做拍照好看的人永远无法出现在照片里面。所以我希望，如果我的出现能够让你的生活多了更多的乐趣，那就足够了,0
169,,,你单身多久,0
169,,,一点也不礼貌，哪有你这么问人年龄的,0
169,,,我才不信你没谈过恋爱,0
169,,,以前有过一个女孩，相处了很久，但还没开始就结束了,0
169,,,为什么呀,0
169,,,18 岁的爱情需要爱意，25岁的爱情需要勇气，30岁的爱情需要真诚，35岁的爱情需要陪伴，可能那个时候还没有准备好吧，既没有足够的勇气开始，也没有足够的爱意坚持吧,0
169,,,你怎么就确定你是真的喜欢我的呢？,0
169,,,我们把18岁的爱意留在了湄南河那晚的烟花里，20岁的勇气给了和你要微信的自己，25岁的真诚含进了佛像前的祷告，而陪伴，我想把它藏在我们以后每一次旅行的期待里，藏在每次见面后的回味中，藏在时间里，40岁，60岁，80岁，用往后余生去寻找,0
170,(green),answer,我是真心喜欢你，但我从来没要求得到么，遗憾还是有的，我走你走过的路，听过你爱听的歌，陪你度过了很多快乐时光，我就当做在一起过了，谢谢有你陪伴的日子，我很开心，月亮很圆，找个风大的地方，我会忘了你的,0
170,,,？,0
170,,,我不会再对你有任何妄想了，以后我们都过好自己的生活,0
170,,,什么意思,0
170,,,我曾以为等待会开花结果，没想到我只是一粒尘埃，或许，我应该去追逐更广阔的天空,0
170,,,册我？,0
170,,,心都碎了，留着只是徒增伤心罢了，以后别联系了,0
170,,,你还有事？,0
170,,,我那天说话有问题,0
170,,,没事，不重要了,0
170,,,我都这么难受了，你还一直删我,0
170,,,那我们换一下吧，换你崩溃到凌晨两三点，我睡到8点自己醒，换你翻阅我的朋友圈做阅读理解，我来发动态分享生活琐事，换你急的焦头烂额不知所措，我来看你的消息，然后把手机扔到一旁,0
170,,,我哭了，你能来找我吗,0
170,,,换做以前的我，会不远万里义无反顾的奔向你，现在我明白了，并不是条条大路通罗马，如果真的期待我的到来，在沿路的途中，应该会有明月辰引路，但现在漫天的星光微弱无比，是看不清方向的，所以别哭了，好好的睡一觉，清醒之后的答案才是正解,0
171,,,其实我们最后是朋友还是恋人，对于我来说都是无所谓的事情,0
171,,,什么意思？,0
171,,,意思很简单，我就是觉得感情就应该大大方方的表达出来。表白只是向你说明我的心意，而不是在向你索取关系，你不要有太大的压力或者心理负担。 当然，也可能只是太频繁的聊天才给了我们暧昧的错觉,0
171,,,草率答应的话感觉挺不负责任的,0
171,,,的确，草率开始不会有个好结果的，本来恋爱就是一个互相了解的过程。我明白你是个对感情比较认真的女孩，不会草率的开始一段感情，况且我也不会选择一个对感情不负责任的人，毕竟只有互相喜欢，这段感情才是真的有意义,0
171,,,我特别认同，现在谈感情确实有些太快了,0
171,,,原来你是用间快慢去定义一段感情，而不是靠内心的感觉,0
171,,,难道不应该是这样吗,0
171,,,可是我觉得感情中没有快慢，只有深浅有些人就算是青梅竹马，最后也没能有个好结果。其实你不用着急下结论，或许再多了解彼此一点，我们就会有答案了,0
171,,,再相处相处吧,0
172,,,我刚发现了一家西餐厅，味道简直天花板我要馋馋你,0
172,,,如果你明天恰好有间的话，我不介意抽时间，陪你做点你想做的事情,0
172,,,挺晚的了，玩要玩开心，但是要注意安全问题哦，我晩上那边有局，你结束了可以跟我说，顺路的话我送你,0
172,,,如果回消息是一种罪，我要判你无期徒刑了,0
172,,,门口记得取下吃的，我挺忙的没时间照顾你，自己的身体自己心里要有数,0
172,,,我赌五毛，你在刷视频,0
173,,,对了，上次50块的奶茶费记得转我,0
173,,,你这什么黑店，一杯奶茶要50,0
173,,,哄人开心的服务一次70，你是熟人给你点优惠，奶茶倒贴20还剩50,0
173,,,朋友心情不好，你哄哄还要钱,0
173,,,哄朋友开心很正常，可我从来没拿你当朋友啊,0
173,,,什么意思,0
173,,,字面意思，你会在朋友喊一句累的时候就立刻询问她的心情，只想着为她做点什么吗？会仔细的记录朋友的口味，生怕给她点的东西她不喜欢吗？反正我不会，我的时间很珍贵，做不到拿来哄我的每一个朋友,0
173,,,你不要那么严肃嘛，我不想那么着急,0
173,,,你觉得我是要着急和你在一起吗？不，我甚至可以坦然接受你的拒绝，因为我尊重你，我给你选择的权利，但前提是你也要尊重我，正视我的心意，如果你还是以朋友的名义享受对我的好，却不给出任何回应，那只能说明我的喜欢给错了人,0
173,,,我担心你以后不会好好对我,0
173,,,你说你不了解我，但你给我这个机会了吗？我每一次靠近你都会下意识的逃避，所以问题的根本不在于我，你如果还是仗着我的喜欢有恃无恐，那我不再往前走就好了,0
174,,,在干嘛,0
174,,,做饭呢,0
174,(red),question,（感性思维）我猜你肯定是个吃货,0
174,,,为什么这么说？,0
174,,,因为只有吃货，才最懂得制造这美味,0
174,,,哈哈，有道理,0
174,(red),question,（发散）记得多吃点，你看你都瘦成什么样了,0
174,,,那不行，还是得有节制的，我是易胖体质,0
174,,,我倒是有一个办法，不知道你愿不愿意了,0
174,,,什么？,0
174,,,你来做，我来吃，皆大欢喜,0
174,,,你想得美,0
174,,,（情绪）啊，你不会做饭很难吃吧,0
174,,,我做饭好吃,0
174,,,口说无凭，我不信,0
174,,,爱信不信,0
174,,,这个简单，请我做美食顾问就好了，我收费虽然不低，但是可以给你个友情价,0
176,(green),answer,我想了一下，我们就做朋友吧,0
176,(red),question,怎么突然就想明白了,0
176,(green),answer,我已经少了一个恋人了，总不能少一个朋友吧,0
176,(red),question,想明白就好,0
176,(green),answer,不过既便是朋友，你也是最特别的那一类,0
176,,,怎么说呢,0
176,(red),question,因为和你待在一块的时候，我可以不用带上世俗的面具，做最真实的自己,0
176,,,我还有这效果,0
176,,,有时候我都会以为我们已经是一家人了，只可惜你吝啬到连搓衣板都不让我跪,0
176,,,朋友关系比较长久,0
176,,,其实只要相处的舒服，恋人也好，朋友也罢，又有什么关系呢,0
176,,,我也是这么认为,0
176,,,与其纠结到底是哪种关系，不如顺其自然，我们共同去创造和经营，也许幸福就在前方等着我们,0
176,,,感觉你稳重的好多,0
176,,,这得感谢你，你要是不拒绝我，我还在做恋人还是朋友的死胡同里走不出来呢,0
176,,,我拒绝你还是对的咯,0
176,,,也不能这么说吧，但我能理解你，我之前确实太幼稚，不清楚你想要的是什么，只知道缠着你给你压力，谢谢你教会了我这些，我会永远记在心里,0
176,,,你到底喜欢我什么呢？,0
176,,,这么想知道，我就告诉你吧，我喜欢的是，陪你散步的时候，雪花落在你的𣆳毛，你法眼可爱的样子，是你面试屡屡碰壁，但还是气鼓鼓，屡战屡败的样子，是那天我们看流星雨，你没忍住，在草地上睡着的样子，和你相处的每个片段，都深深的烙印在我的心上，只不过现在都不重要了,0
176,,,你都记得这么清楚,0
176,,,我没有刻意去记，但这些记忆，总往我的脑子里面跑，我能怎么办呢,0
177,,,你把我备注改成闹钟吧,0
177,,,？,0
177,,,因为我突然发现我跟早起的闹钟差不多，到点就响，不理还叫个没完，谁看了还不想给它一下子,0
177,,,还挺有自知之明，是怪烦的,0
177,,,都说女生在乎一个人的第一感觉就是烦，看来我的目的达到了,0
177,,,谁在乎你,0
177,,,其实就是这两天我发烧被家里人知道之后，他们隔了一会就要问我怎么样了，我知道他们是为我好，但又是让我去买药，又是让我拍体温计给他们看，一来二去真的会有点烦躁，现在想想，我之前也是一样，你能忍住不把我删了，就已经是手下留情了,0
177,,,沒那么严重，不过这段时间确实挺有压迫感,0
177,,,幸好我及时发现错误，不然下次点开置顶只能喜题一串红色感叹号,0
177,,,你置顶我微信干嘛,0
177,,,明知故问有意思吗,0
177,,,我们不就是正常朋友吗,0
177,,,正常朋友？我才不会对朋友做那些费尽心思的事情，我尊重自己的感情，所以才坦坦荡荡的喜欢，明目张胆的偏爱，如果你还是故意看不到，那我只能收回我的喜欢了,0
177,,,沒意思？那分明有感情的两个人因为不信任而错过，有意思吗？或者说我摆在你面前的爱意，落在你眼里全都是怀疑，这样有意思？拿新鲜感去定义我对你的好才是最没意思的事情。哪怕到最后没有一个好结果，起码我知道，我真诚又热烈的努力过，这才是对感情最起码的尊重,0
177,,,给我一点时间,0
178,,,这应该是我最后一次给你送礼物了,0
178,,,？,0
178,,,你是语文不好还是理解水平差？这么几个字都看不懂，发什么问号？,0
178,,,你突然说些莫名其妙的话,0
178,,,我莫名其妙？原来在你眼里，一个为你付出一切，不计较得失的人某一天突然醒悟，知道悬崖勒马，及时止损了是一件莫名其妙的事,0
178,,,你有问过我到底想不想要吗？,0
178,,,我是觉得可笑啊，这两年我太可笑了，不过你别误会，我笑的不是我倾尽所有去爱一个人，这个事情一点都不可笑，可笑的是这个人居然用这样的态度对我,0
178,,,你送这送那的又何尝不是一种变相的命令？,0
178,,,"你现在说这些对我来说已经没有意义了, 认为作为一个成年人，最基本的就是要有感恩之情，我也希望你能记住这个道理，我不是傻叉，上赌桌的人没有人想空手回家，再见",0
178,,,我们现在不是在聊怎么解决这个事情吗,0
178,,,聊什么聊？有什么好聊的，是我做的不对了，我要跟你聊，到现在为什么还有人不知道自己的问题啊,0
179,,,我想清楚了，我们确实更适合做朋友,0
179,,,是吗,0
179,,,是，我把焦点放在自己的身上，开始享受生活，感觉挺好,0
179,,,我怕伤害到你呢,0
179,,,只是我巳经很久没有这种心动的感觉了，虽然这种感觉很好，但我会尽快忘记,0
179,,,忘记，行吧,0
179,,,先不聊了,0
179,,,我喝多了,0
179,,,喝多了还找我聊天，小心说错话被我截图,0
179,,,给你一个替我挡酒的机会,0
179,,,不需要,0
179,,,你什么意思？,0
179,,,和你聊天就是为了有个身心舒畅的良药，可惜呢，你不懂珍惜，没法做我的小药膏,0
179,,,我认真想了一下，决定给你机会,0
179,,,看来你真的喝多了，早点洗洗睡吧,0
179,,,你难道不喜欢我了吗？,0
179,,,坦白告诉你，我是喜欢你的，但是喜欢有用吗？为了你我不怕被兄弟嘲笑，我什么都愿意做，但是还是不被理解，感情中最心酸的，不是那种傻乎乎一头栽进去的人，而是明知不可为而为之的人，现在我想清楚了，我不想再犯傻了，你就像我没赶上的地铁，没尝到的小吃，没做完的美梦，终究是仪式，虽然结局并不美好，但在此刻我还是希望你能够过得比我好,0
180,(red),question,你总是能出其不意的给我惊喜,0
180,,,啊？,0
180,(red),question,比如突然不回消息，比如洗澡能洗三天,0
180,,,忙忘了嘛,0
180,,,其实我不太喜欢别人跟我说忙，因为这样就好像我应该立刻闭嘴，再也没有立场说什么，更不敢奢望你跟我分享什么，其实我完全可以把自己的生活安排得满满当当，但我还是愿意为你付出时间和脸面去找你聊天,0
180,,,你就体谅一下嘛,0
180,,,好的，我手头有点事，刚好到你平时洗澡的时间，那我们有空再聊,0
180,,,你大晚上能有什么事,0
180,,,在你眼里我就这么闲吗？,0
180,,,我开个玩笑,0
180,,,我知道在你看來这确实是个玩笑，你都忘了我所有的随叫随到都是因为我在乎，我洗澡擦干的手，吃一半的饭，中途暂停的会议，都不是理所当然,0
180,,,你真的误会了,0
180,,,你现在的态度是你说的喜欢吗,0
180,,,喜欢是靠嘴说岀来的吗？如果你认为的喜欢是对你言听计从，无喜无悲，抱歉我做不到，我是一个有血有肉的人，有七情六欲，有喜，有悲，我会把我的好全部给你，但同时也要有起码的尊重和信任,0
180,,,我不想承受这样的落差感,0
180,,,爱从来不是选择，也不是不合适就分手，腻了就换，爱是由很多的𣊬间拼凑出来的，每一个瞬间我都完全信任你爱你，我赋予你比任何都能更凶猛刺痛我的权利，但我也希望你手下留情,0
181,,,你是不是喑恋我？,0
181,,,？,0
181,,,都说暗恋是一个人的兵荒马乱，你既不给我发消息，也不点赞我的朋友圈，是在找时机跟我表白吗？,0
181,,,你别一天没话找话，谁暗恋你啊,0
181,,,找话说不是因为没有话，是因为不想放弃。但如果真的连给你发消息都要小心，那这种关系也没有必要再维护了,0
181,,,你最近很忙？,0
181,,,手机用不了，可以捐了,0
181,,,只要你不给我发消息，我用的还挺顺心,0
181,,,你要不想回，可以把我删了,0
181,,,回消息有什么用呢？反正聊过来聊过去，你都会给我一句再考虑一下，同样的招数用第二次我都觉得幼稚，你就慢慢考虑，我的时间有其他用,0
181,,,我不用时间来考察一下？,0
181,,,时间？需要多少时间？一天，一周，一年还是一辈子？我可以用时间来耗，我为我的喜欢负责，你呢？,0
181,,,你这么快就放弃，不就证明你也是说说而已？,0
181,,,没有意义的坚持不如放弃，因为我已经努力过，也对得起自己的选择，虽然我不觉得爱情能等来，但还是衷心的祝福你以后能够找到一个愿意一直等你的人,0
182,,,你要不换个工作吧,0
182,,,？,0
182,,,去做客服吧，你那只答不问的聊天方式，不做客服真的是一种巨大的损失,0
182,,,我最近在忙,0
182,,,等红灯的60秒，我喝了口水，拍了张照片，回了条消息，顺便连上篮牙，选了一首喜欢的歌,0
182,,,你告诉我什么是没时间，我并不闲，只是因为我在意，所以愿意挤出时间找你聊天，所以这种拙劣的借口还是留着对别人说吧,0
182,,,就不能体谅一下我吗？,0
182,,,别说太严重，我们的关系谈不上体不体谅，我也沒有很忙,0
182,,,好吧,0
182,,,你最近很忙？,0
182,,,还行，就是在思考到底要不要把你删了,0
182,,,你再说一遍,0
182,,,每次打开我们的聊天框，永远都是满屏的绿色，就觉得没有联系的必要，留着只会消耗我自己，毕竟感情不是一个人的独角戏,0
182,,,睡着了？,0
182,,,还有什么事就说吧,0
182,,,我想多考虑考虑,0
182,,,我一腔真心和热情，你管这叫冲动？如果你认为的稳定是永远能坐亨其成，不付出一丝一毫的感情就能一被爱，那你不用考虑，我给不了,0
182,,,你们男人都是爱的快，去的也快，请问我有点保留有问题吗？,0
182,,,就是因为我知道你的这些想法，所以我尽我所能的给你安全感，这不是我应该，而是我愿意，但是感情是相互的，这句话你也应该懂，我能理解你，但不能只有我理解你而已，你一直站在你的世界观来观察我的一举一动，这样的感情我宁愿错过,0
183,,,你还挺会为别人着想,0
183,,,啊？,0
183,,,你肯定觉得最近天气太热，所以你用你的冷态度帮我降温了,0
183,,,你应该谢谢我,0
183,,,的确应该表示一下，可你用什么身份收呢？,0
183,,,朋友呗，不然还能是什么？,0
183,,,那省钱了，我没有为朋友花钱的义务和想法,0
183,,,开玩笑罢了,0
183,,,我不喜欢开这种玩笑，也不喜欢把别人对自己的好当成理所当然,0
183,,,你想说什么就直说吧,0
183,,,听不懂没关系，我也不想说第二次,0
183,,,到时候谈崩了，朋友都做不成，你不觉得尴尬吗？,0
183,,,我不需要谁打着为我好的旗号去决定我应该做什么，我的感情我自己选择，结果我也可以自己承担，你只需要遵从自己的内心，喜欢就是喜欢，不喜欢就拒绝，藏着拖着，不给正面回应，才真的让大家难堪,0
183,,,我需要时间,0
183,,,我没说不给你时间，我等了你这么久，还在乎多几天，但等待要值得，如果你一直把等你当借口，可能等着等着我就没那么在乎你了,0
184,,,有烦心事？,0
184,,,没,0
184,,,那看来是谈恋爱了，手机的所属权不归自己，所以我的消息才会有去无回,0
184,,,工作烦，不太想聊天而巳,0
184,,,打工人是这样的，天天起早贪黑挣点窝蠹费，让我听听你的烦心事，看我能不能妙手回春一下,0
184,,,别人早晚也会烦的,0
184,,,我是别人？,0
184,,,别人可不知道你心情不好，喜欢一个人发呆，也不知道你遇到事情总喜欢自己扛，但其实你一个女孩子不用那么坚强，总会有人心疼你，想笨拙的把一切都给你，希望你能过得更开心一点，但总是词不达意，反而让你不开心了,0
184,,,是不是有什么目的？,0
184,,,付出肯定要回报啊，我不图财，还不能图点色了？,0
184,,,？？？,0
184,,,哈哈，开玩笑的，我要的是你的真心,0
184,,,我不会傻到因为几句花言巧语就把自己的感情搭上,0
184,,,我倒觉得你挺傻的，我不负后果的付出你当成是朋友之间的礼尚往来，我无微不至的关心你当是对谁都能说的甜言蜜语，在你身上花这么久的时间却只换来这么一句话，挺失望的,0
184,,,你不会觉得我很过分吗？,0
184,,,如果你是仗着我的喜欢肆无忌惮的吊着我，那我肯定会生气，但我相信自己的眼光，我愿意对你好，是因为跟你在一起的时候我觉得很开心，如果你不值得了，我放手的时候也不会留恋,0
185,,,辛苦费麻烦结一下,0
185,,,？,0
185,,,我在你列表勤勤恳恳当吉祥物，顺便还能帮你避避邪，这不发我点儿工资？,0
185,,,你还有这功能？,0
185,,,那必须一定让施主趋吉避凶，还能桃花不断,0
185,,,烂桃花也没断过,0
185,,,那说明你该续费了，费用不高，一顿小火锅就行,0
185,,,想约我出去直说嘛,0
185,,,老朋友还不能叙叙旧了？再说了，谁不知道以前我喜欢你,0
185,,,意思是现在不喜欢咯？,0
185,,,以前喜欢你，是因为你给了我别人给不了的感觉，但现在你还是不是那个我喜欢的你，谁又知道呢？,0
185,,,也是，谁也不会一直在原地等着，再重逢好像也没什么意思,0
185,,,没什么意思吗？我并不这么认为，我们当然都变了很多，都因为生活而变成了更好的样子，但重逢就应该是我们都经历过没有彼此的日子，却依旧对对方怀揣着期待,0
185,,,有什么好期待？,0
185,,,正因为太久不见，所以期待才会变得更多，我们还有很多时间去听对方诉说，这些年去过了哪些地方，遇到过哪些人，经历了哪些故事，如果你也有兴趣讲述和倾听，不如我们就先从一顿饭开始,0
185,,,出来吃顿饭,0
186,,,（拉高情绪基调） 我最近越来越不想看到你,0
186,,,你什么意思？,0
186,,,因为一看到你，我就会想起曾经，很多明明我可以做的更好的地方，觉得好遗憾,0
186,,,你到底要说什么,0
186,,,（展示解决问题决心）每次见到你，我就会想起我之前的行为，我以为是为你好，其实却是在为我的欲望买单，我根本不知道你想要的是什么,0
186,,,何必花心思去猜下面的人的想法呢,0
186,,,（共情）你先别那么抗拒，我小时候，父母总是安排好了一切，并且和我说“我们都是为你好”，可这并不是我想要的，我想要的是自由，是尊重，是发自内心的理解,0
186,,,就像我以前的老师,0
186,,,老师我可当不来，不过我倒是可以勉强胜任你的导游,0
186,,,什么意思,0
186,,,你选好目的地，我负责陪你去看你想看的风景,0
186,,,谁知道你是不是从那儿抄来的,0
186,,,确实，刚刚那句话是我在网上抄的，但是为你花心思去收集这些句子的心却是抄不来的，我不想把自己说的多深情，多伟大，但我对你的心意，全都藏在我为你做过的小事里，如果你哪天有机会打开我的备忘录，你就会发现，里面记满了你的喜好，还有许多没来得及跟你分享的东西,0
186,,,如果那天你碰到另一个女生，你是不是不会喜欢我了？,0
186,,,（真诚）我们的相遇的确是偶然，但像你这样的女孩被爱却是必然，在这个各扫门前雪的时代，你竟然还愿意去关心那个还不熟悉的我，因为见惯了自私和冷漠，我才更知道你的善良有多么的珍贵，所以即便那天我们没有相遇，也总会有一个人去爱你，保护你，只不过幸运的是，那个人恰好是我而已,0
187,,,500年了,0
187,,,？,0
187,(red),question,孙悟空等唐僧拆封条都没有我一条消息等得久,0
187,,,等不到就别等了,0
187,,,男人可不能轻易放弃，孙悟空经历了81难，取得了真经，我坚持一下，说不定也能取到想要的,0
187,,,说不定你坚持再久都没用,0
187,(red),question,所以你这是在劝我放弃吗？用已读不回的消息和冷淡疏离的态度,0
187,,,没必要花时间在没有意义的事情上,0
187,(red),question,我很不喜欢别人来给我做的事情下定义，我也知道明智的放弃，胜过盲目的坚持,0
187,,,时间一久谁知道呢？,0
187,,,我真的不明白一辈子这么短，为什么总要用不停的试探来质疑一个本来就很喜欢你的人，我是喜欢你，但连付出都被怀疑的话，也是时候该收回这个感情了,0
187,,,没有安全感就是爱情的本质，不是吗？,0
187,,,可我不那么觉得，没有安全感只是没有勇气的人给自己找个借口而已，我认为真正的爱情是我想要，并且这种想法可以压倒一切，如果不行只是不够喜欢罢了,0
188,,,单删不太礼貌，和你打个招呼，我们之后漂流瓶见吧,0
188,,,？,0
188,,,心情不好就删喽,0
188,,,有病啊你咋了,0
188,,,没事啊去吃饭吧,0
188,,,。。。,0
188,,,去哪吃,0
188,,,算了懒得动点外卖了,0
188,,,旧的故事巳经结束，从明天开始新的故事,0
188,,,今天还有晚安故事吗,0
188,,,旧的故事讲完了新故事，要留给下个女朋友,0
188,,,男人没有一个好兄弟,0
188,,,对啊我不是好东西，所以我配不上你，我就找个半斤八两的将就一下就好了,0
188,,,其实我也没多好,0
188,,,我知道这么久以来你只是在享受我对你的好罢了，对我呼之即来挥之既去，我一直都觉得自己很傻，但还是喜欢你，因为我相信真心一定能换来真心，可你却用事实告诉我，犹豫就会败北，真心就会白给，现在我也该学聪明了，以后也不会这么傻,0
188,,,我哪里玩弄你的感情了,0
188,,,已经不重要了，我还得谢谢你，如果不是你，我都不知道自己会变成什么样,0
188,,,你确定,0
188,,,我以前也受过伤所以我总是小心翼翼，需要反复的去确定对方是不是真心喜欢我，可到头来被追的是我，被抛弃的也是我,0
188,,,上段感情你全心投入结果重伤，于是这段恋爱怕受伤，就刻意隐藏被烂人伤透的自己，而现在这个努力中的情人却得到一个很冷淡的你，我知道你是在保护自己，但如果这是做生意，永不在来的恶客得到了最好的服务，而新客上门却被受冷落，这店怎么不倒？,0
188,,,你刚刚还说要删我,0
188,,,我们一起删掉之前所有的不愉快，重心开始,0
189,,,（略带指责）今天才发现你还挺不仗义,0
189,,,你什么意思？,0
189,,,以前只要是我身边的朋友都能很快脱单，但到你这就失灵了,0
189,,,我这个人就是这样,0
189,,,我知道，所以真的要谢谢你,0
189,,,谢我什么,0
189,,,谢谢你你对我的尊重，你明明能以朋友的身份继续享受我对你的好，接受我对你的照顾，不必承担任何责任，可你却愿意失去这一切，也不吊着我,0
189,,,我也不想浪费你的感情,0
189,,,喜欢一个没有结果的人就是浪费么？我不这么觉得，就算自己的喜欢得不到回应有什么关系，只要对方值得就好。可是如果两个人相互喜欢，却因为担心以后不敢正视自己的内心，那才是真正的浪费,0
189,,,我也不想这样,0
189,,,我不会和你说什么，会永远喜欢你这种虚无缥缈的话，因为你肯定听过很多次了，但我也不觉得靠一个人努力就能得到美好的爱情。我一直相信好的感情要两个人互相奔赴，共同经营。你以前的伤痛和遗憾我不曾参与，但你以后的幸福和快乐我愿意努力,0
189,,,我要求很高的,0
190,,,睡了吗？今天失眠了,0
190,,,说吧，借多少钱,0
190,,,？,0
190,,,半夜问人睡没睡，不是借钱就是想他了，你总不可能是想我了吧？,0
190,,,你也太自恋了,0
190,,,也不是，但是如果我失眠，肯定只会给我喜欢的人发消息,0
190,,,你要这么说，那就晚安吧,0
190,,,（适可而止）行，那下一次这种群发的消息，麻烦别选我了哈,0
190,,,什么群发,0
190,,,朋友？那还是别找我，我没有深更半夜陪朋友失眠的习惯,0
190,,,你怎么了？,0
190,,,我是觉得挺没意思的，知道你睡眠不好，特地把你的消息强提醒，你却认为是我睡得晚，对你的百般照顾万事顺从，你却认为是朋友之间该做的，现在看来我没必要继续了，放过你，你放过我自己,0
190,,,感觉你真的不懂我,0
190,,,确实不懂，不懂为什么你能这么巧舌如簧，能颠倒黑白，把受害者描述成加害者的模样，我口齿笨拙，我无话可说,0
190,,,我怕你离开我,0
190,,,爱从来不是选择，也不是不合适就分手，腻了就换。爱是由很多的瞬间拼凑起来的，每一个瞬间我都能完全信任你，爱你，我赋予你比任何都能更凶猛刺痛我的权利。但我也希望你手下留情,0
191,,,(制造悬念) 我发现有个有趣的问题,0
191,,,？,0
191,,,（逼问女生）你是不是觉得我是在追求你,0
191,,,难不成是我想多了？,0
191,(red),question,（退撤）我觉得现在是我想多了，我投入了太多的精力到不值得的人身上,0
191,,,我还没准备好,0
191,(red),question,那天风很大，天很暗，恍惚之间感觉你身上的外套不是一件外套，更像是一层厚厚的铠甲，封锁住了你的内心，让我产生了保护你的冲动，不自觉地抱住了。如果我的行为冒犯到你了，我要跟你说声抱歉,0
191,,,以后别这样就行了,0
191,,,那以后我就看着你吹冷风吧,0
191,,,你现在的语气像我闺蜜一样,0
191,(red),question,这是在暗示我也是你最亲近的人了？,0
191,,,你还想跟我闺蜜比？,0
191,,,跟闺蜜比格局就低了,0
191,,,那你还想怎么样呢？,0
191,,,（退撤）如果只想让我做闺蜜，那就没什么好聊的，我先撤了,0
191,,,我又不缺闺蜜,0
191,,,那么你缺什么,0
191,,,你猜,0
191,(red),question,我猜你缺一个可以给你依靠的肩膀，守护你秘密的树洞，唤醒你童心的玩具，帮你抵御外界危险的防弹衣，更缺一个和你相互扶持，陪你走完漫漫人生路的拐杖,0
191,,,还说那么多干嘛,0
192,,,我现在才发现你挺没礼貌的,0
192,,,？,0
192,,,已读要回这种基本礼仪我小学老师都教过了,0
192,,,这段时间在忙,0
192,,,忙？你这么一说我才发现，认识你之前我也挺忙的,0
192,,,什么意思？,0
192,,,因为认识你之后我眼里好像没有比你更重要的事了，不过现在看来我像个唱独角戏的演员,0
192,,,又不是我让你这么做的,0
192,,,行，明白了,0
192,,,明白什么,0
192,,,你这是什么意思？生气了？,0
192,,,别想太多了，这还不至于生气,0
192,,,那你现在这个态度什么意思,0
192,,,及时止损，我之前所做的一切都已经为了我的喜欢买单了。你选择把这份爱丢到垃圾桶里，我也会弯下腰捡起来，把它擦干净，直到那个真正珍惜它的人出现,0
192,,,没那么严重，我们不是好朋友吗,0
192,,,我只是觉得，喜欢是建立在双方自身上的，需要双方互相表达情感和付出行动，而不是想好退路，不显山不露水，盼着对方奋不顾身背水一战,0
192,,,我明白你的意思，要有结果太难,0
192,,,那什么叫结果？结婚是结果吗？结了婚也是会离婚的，白头偕老是结果吗？终有一个人先离去，人和人本身就沒有什么世俗界定的结果，相爱过了，就是结果，所以我只是想牵着你的手珍惜当下,0
193,,,吃饭了吧？,0
193,,,还没吃，不过吃不吃都一样,0
193,,,为什么,0
193,,,如果吃饭了吗这句话算关心我的话，现在吃也不是不可以,0
193,,,我就随口一问,0
193,,,关不关心我都不重要，但我得感谢你帮我摆平一件事,0
193,,,什么事,0
193,,,因为我妈天天给我打电话，说让我好好吃饭，搞得我很烦她，她还说，除了我，可没有哪个女人会这么关心你，现在我发现还是有的,0
193,,,你可别烦她,0
193,,,是啊，我妈妈这么关心我，我还烦她，可有一个人，明明我特别关心她，她对我还不冷不热，我却依然选择卑微的去讨好她，实在太不应该了,0
193,,,有什么话就直说,0
193,,,以前我大大方方的爱你，有什么话都直接说，想对你好就直接对你好，可是我发现好像并没有用，怎么现在我换了一种方式，我把自己的爱意和真心都藏起来，你又不满意呢？,0
193,,,那我以后注意点就是了,0
193,,,听上去你对我的关心就好像是你施舍，收起的怜悯吧，我不需要，这也不是我期待的感情,0
193,,,我没想到你会误会那是喜欢,0
193,,,其实很多情侣都是从陌生人到朋友再到恋人，相识相知相爱，所以你与其去纠结我是不是误会你，倒不如反过来想一下，你既然觉得我不错，也愿意跟我做朋友，为什么非要把最后一个过程堵死？,0
193,,,所有的朋友都要发展成恋人吗？,0
193,,,是的，我不否认这一点，只是我觉得现在一切尚未定熟，我们之间还沒有人已经证明对方只能做朋友,0
193,,,顺其自然,0
194,,,新给你改了个备注,0
194,,,？,0
194,,,Siri,0
194,,,因为我的siri，只有我主动喊她的时候她才会搭理我,0
194,,,最近有点忙,0
194,,,行，那就不聊了，我也忙过两天再说,0
194,,,好的,0
194,,,你还没忙完吗,0
194,,,心情不太好，忙着消化,0
194,,,你怎么了,0
194,,,就是突然觉得有点累了，想给你发的消息，在聊天框里一次次的输入，又一次次的删除，有好几次真的想不管不顾，装作没事的和你聊聊天，说说话，但一想到总是我在自言自语，就觉得没有再聊下去的必要,0
194,,,我觉得是你想要的太多了,0
194,,,你现在的态度不是又证实了我的想法吗？,0
194,,,你爱怎么想怎么想,0
194,,,你是生气了？,0
194,,,我一直都在等你找我,0
194,,,你看，你总是在等，等我的热情退却，等我们的关系消失，我渐渐明白，那些聊天时暂停的电视，停下的脚步，以及夜晚强忍的困意，都只不过是我一个人上演的独角戏,0
194,,,你可能以后不会那么珍惜,0
194,,,怕我不珍惜，怕没有结果，怕最后还是分开，你看，你怕这怕那的，唯独不怕失去我，爱不是这样的，爱不是冷冰冰，爱不是讲反话，爱是相互吸引，是双向奔赴,0
195,,,我一直都很喜欢你，我们可以好好的在一起吗？,0
195,,,啊？,0
195,,,这样说是不是太直接了，连你这关都过不去,0
195,,,莫名其妙,0
195,,,没事儿，刚刚玩真心话大冒险输了，非让我对喜欢的人表白,0
195,,,啥意思？,0
195,,,我选择大冒险，但我还是不敢向她表白，所以想知道女生听到会有什么反应,0
195,,,吓我一跳,0
195,,,那看来还是有效果的，虽然是被吓的，但心跳的感觉也算有了,0
195,,,那你去试呗,0
195,,,算了，我还是不敢，要不你帮我赢这个游戏，我截个图给他们看就好,0
195,,,我考虑一下，我们在一起吧,0
195,,,算了，这样挺没意思的,0
195,,,明明喜欢她这么久，却连一句在一起都不敢说，甚至还要麻烦你来帮我，有时候我常常在想，是不是我再优秀再勇敢一点，悄悄看向喜欢的人时，目光就不会躲闪了吧？很抱歉，我不该让你帮我说谎的,0
195,,,能被你喜欢的女生一定也很优秀吧,0
195,,,但她有时候傻乎乎的，总是在夜晚的街道数路灯，说那是星星，总是在电影的结尾哭的梨花带雨，连吃饭的时候也像是兔子进食。但对于我来说，她的想象力，她的真性情，她的一切都像是宝藏一样藏在我的心底,0
195,,,你说的是我吗,0
195,,,不知道什么时候开始，我的手机变成了两个地方的天气预报我也不知道为什么喜欢你，就是想每天看见你，那怕什么都不做，看到你就开心，就像我在海边捡贝壳，我知道这辽阔的海边一定会有更漂亮的一颗，但我巳经捡到了属于我的那颗独一无二的，那么剩下的就留给别人吧,0
196,,,（套路）你是不是瞒着我一夜暴富了,0
196,,,？,0
196,,,不都说沉默是金吗，看你这么久没回消息,0
196,,,太忙了,0
196,,,我很同情所有为生活奋斗的女性，但是却不同情你,0
196,,,？,0
196,,,因为你明明可以靠颜值战胜生活，却非要比拼才华跟勤奋，就像我一样,0
196,,,你好自恋,0
196,,,（进攻）毕竟我都这么幸运的遇上你了，肯定也要多爱自己一点,0
196,,,你觉得两个人，会因为什么原因结婚，是因为喜欢，因为爱吗,0
196,,,难道不是吗,0
196,,,不是，两个人会谈恋爱，可能是因为爱，但两个人会结婚，一定是，彼此经历过热恋，争吵，冷战，和好，最后依然选择坚定的走到一起，毕竟人生不易，需要找一个人同舟共济,0
196,,,你现在才想通,0
196,,,（夸）所以我现在不是正在努力向小仙女的仙语靠近吗,0
196,,,你是随便找个人结婚才跟我在一起吗,0
196,,,我是跟你相处了之后才会想和你结婚的，其实认识你之前，我就觉得婚姻是两个人在一起过日子就好，但是认识你以后，我开始不自觉的设想了很多种未来，我们会在海边的帐篷里面看日出，在清晨的花园里散步，在安静的夜晚中拥抱，但是不管是哪种未来，我的身边都有你，我是想和你度过浪漫的一生，才决定和你结婚的,0
197,,,今天去中山公园玩了，风景挺好的,0
197,,,风景不错，人差点意思,0
197,,,？,0
197,,,惩罚摄影师今晚不准吃饭，把十分的模特拍的只有五分，简直是在浪费,0
197,,,哈哈，这么说你很会拍照喽？,0
197,,,还行吧，毕竟对着你随便按几下快门，出来的就是写真集，应该算是挺会拍的,0
197,,,今天吃蜂蜜了，说话这么甜，我哪有你说的那么夸张,0
197,,,毕竟你是我见过第二好看的女生，夸你两句不过分吧,0
197,,,第二，那第一是谁呀？,0
197,,,当然是我那个八字还没一撇的女朋友，别人再好看，我也只能过过眼瘾，属于自己的才是最好的,0
197,,,哟，这么深情，那为啥你还没追到啊？,0
197,,,隔着屏幕都能闻到一股醋味，既然你这么不甘心，那给你个机会冲冲排名？,0
197,,,排第一对我有啥好处？,0
197,,,你还不如直接问做我女朋友有啥好处？,0
197,,,你给的够多的话，说不定还真能成功哦,0
197,,,那你真的太为难我了，我可不想当你干爹,0
197,,,？,0
197,,,在我眼里，恋爱靠的是两个人互相奔赴，如果只是靠付出乞讨的感情，那我看不上,0
197,,,我也给你买过礼物,0
197,,,银行一年的利息是1。65%，追女生不说利率，不赔都算好的，我当然不是说你的回礼廉价，我是说你让我觉得，我的感情很廉价,0
197,,,我没说你的感情廉价，我就是觉得我们要是在一起之后，后面又分手了好尴尬啊，我都不知道应该怎么面对你姐,0
197,,,那我问你个问题，泰坦尼克最后是个悲剧，那为什么会成为经典呢？,0
197,,,因为中间的剧情很精彩啊,0
197,,,看吧你其实也是知道的，过程比结局重要，况且我今天也以为我明天不会更喜欢你，但我昨天也是这么想的，再说了，我姐是那么小气的人吗，我要是敢把你弄丢了，她肯定陪你一起骂我,0
197,,,以后我会严格考察你,0
198,(green),answer,要是遇到危险就打这个电话,0
198,(red),question,？,0
198,(green),answer,没被拐卖啊？看你没消息，我以为你被拐到缅甸去发牌了，不准主动联系外界呢,0
198,(red),question,什么鬼，你没发消息啊？,0
198,(green),answer,我确实没发，但你让我想起了小时候玩捉迷藏，每次都是我去找，他们藏，玩久了他们也会说不公平，让我也藏几回他们来找，小朋友都懂道理，我觉得你应该也懂吧,0
198,(red),question,点我呢？,0
198,(green),answer,真要对一个人有感觉，忙到加班也会说有空，你去哪里他都顺路不过要是没感觉，洗个澡要洗一整晚，吃饭就能吃一天，晚上八点就困了，你看你像哪一种？,0
198,(red),question,我哪有你说的那么夸张？,0
198,(red),question,你自己不是连消息也不回吗？,0
198,(green),answer,你都说忙了，再打扰岂不是我不对？,0
198,(red),question,非要这样吗？,0
198,(green),answer,这有什么好赌气的，我自己本来事情也挺多的,0
198,(red),question,你不是和其他女生看电影？,0
198,(green),answer,你这个样子让我想起了一句话,0
198,(red),question,什么话,0
198,(green),answer,想我就直接找我，别问我在干嘛，吃醋了就明说，少自己胡思乱想,0
198,(red),question,你能不能别自恋,0
198,(green),answer,那你就不用再说那些话来反复试探我了，我也懒得次次都把你点的那么清楚，既然你不接招，我就不自欺欺人，本来我也是个懒人,0
198,(red),question,你到底想要怎样？,0
198,(green),answer,我想怎么样？想继续用朋友的身份和你聊恋人的天？别人出去找陪聊都得给钱，你总不能把我也当白嫖的冤种吧,0
198,(green),answer,不过算了，说多了也没用，你顾虑太多，我感动不了你，以后不开心就去听听歌，放肆哭一下都没关系，但不要再给我打电话了，前人栽树 后人乘凉的事儿我不想做了，你要学会自己擦干眼泪，多爱自己一点,0
199,(green),answer,我知道你很烦，但我也很烦,0
199,(red),question,你烦什么,0
199,(green),answer,在烦晚上吃什么,0
199,(red),question,你以后能不能不要老跟我说这些无聊的事,0
199,(green),answer,气可以生，饭还是要吃的吧，我知道你有胃病，虽然是我让你生的气，但我还是得不要脸的提醒你一下，好好吃饭，吃饱了你再来收拾我,0
199,(red),question,你跟我没关系,0
199,(green),answer,怎么没有关系呢？在我最单纯最勇敢的那段时间，我把所有的精力和时间都放在你身上，但我嘴笨，说多了怕你烦，说少了怕你不明白我的心，话卡在喉咙里，进退两难，我很想道个歉,0
199,(red),question,以后别来烦我就好,0
199,(green),answer,我想你误会了，我是想道歉，但不是想对你道歉，而是对我自己,0
199,(red),question,？,0
199,(green),answer,我想对自己说，这段时间你辛苦了，白天辛苦的工作，努力想要给未来那个人更好的生活，晚上却连要不要发个消息都在犹豫不决，－想就是一整夜，还没想出个一二三，一睁眼又该为生活打拼了，我知道你很喜欢她，但不要因为喜欢一个人把最重要的自己丢掉了,0
199,(red),question,你给我很大的压力,0
199,(green),answer,那你呢？除了知道我的名字，知道我喜欢你，离不开你，你又了解我什么呢？你总是慢慢来，却根本没有主动了解我，从来不主动发消息，你了解我是靠意念吗，以后我也不想当好人了，我要在爱情中不择手段，在付出中斤斤计较，这一次我来当先转身的那个，就不会再被当个傻子留在原地,0
199,(red),question,为什么那么急？,0
199,(green),answer,我最讨厌的就是等，等雨停，等红绿灯，等排队，轮到自己等电影开始，等你的信息，我很讨厌等，可我一直在等，这次我就不等了，祝你等到一个下一个像我这么爱你的人,0
200,,,拍,0
200,,,？,0
200,(red),question,听说不主动就不会有故事，所以我来试探一下我们的故事走向,0
200,,,哈哈，你过得咋样啊,0
200,,,说实话不太好,0
200,,,怎么了,0
200,(red),question,你这么久没联系我，这对话框都落灰了，害我擦了半天才找到你的名字,0
200,,,你不也一样很久没联系我吗？,0
200,(red),question,诶？我怎么好像听出了一丝怪罪的感觉，是不是怪我联系晚了，让你久等了？,0
200,,,很久到不知道你现在脸皮变厚了,0
200,,,脸皮薄没用啊，怕说错话怕对方反感让自己难堪，怕这怕那，等到没机会说了，想哭都找不到人，但是现在再多的话也比不上一句好久不见,0
200,,,你以前不是会说这种话的人，－堆感触就好像受了什么伤一样,0
200,,,别人哪有机会伤我，唯一能伤到我的，正在“诅咒“我感情那不顺呢,0
200,,,我可没诅咒你,0
200,,,我也没说是你,0
200,,,不过你猜的很准，没有联系的这段时间，我一直在想到底要不要再主动一次，如果不是自己想要的结果，会不会后悔？但今天我想通了，很多事情都没有第二次机会，既然等到了，不管结局如何，还是应该给自己一个交代,0
200,,,我可能不是你之前喜欢的样子了,0
200,,,这个问题我也想过，这么久没见，我到底是真的喜欢你，还是有执念放不下，所以我也动摇过犹豫过，但你回我消息那一刻，我所有的顾虑都不见了，只留下了坚定走向你的那条路,0
201,,,我们之间的认识也是给彼此父母一个交代，要是聊得来，交个朋友也可以的，平时也可以出去玩,0
201,,,你在上海待了很久吧？,0
201,,,是的，对上海比较熟悉，别说我了，说说你吧,0
201,,,那你提问呗,0
201,,,那我问了，为什么你这么漂亮还一直单身？,0
201,,,哪有漂亮啊，很少有人夸我,0
201,,,对了不要说我漂亮，那都是照骗，比我漂亮的好多。你为什么也单身呢？,0
201,,,可能太帅了吧，女生都以为我是渣男,0
201,,,你可真是，这也太自恋了吧,0
201,,,没办法，帅的人都自恋,0
201,,,。。。,0
201,,,开玩笑的，现在年纪大了，不会追女生，所以就一直单着,0
201,,,你只是没有遇到喜欢你，你也喜欢她的人,0
201,,,还好吧，你看人真准，但如果是你的话，我还是可以努力一下,0
201,,,你朋友圈的照片呢？昨天都看到过,0
201,,,我明明发了好吧，那是你自己错过了,0
201,,,这样啊，那我要弥补这个错误,0
201,,,都保存下来了，晚上慢慢欣赏,0
201,,,看了照片之后有点感觉了。 是那种感觉你懂的，不过你放心，就一点点,0
202,(green),answer,你有喜欢的人吗？,0
202,,,Xxx,0
202,(green),answer,咱俩交情这么深，怎么不给我找个女朋友呢？,0
202,(red),question,给你找女朋友麻烦，小猫就很方便,0
202,(green),answer,怎么就方便了？不也得看你家小猫的择偶标准是什么？,0
202,,,没什么标准，它俩开心就好,0
202,,,看来我还不如小猫呢,0
202,,,啥意思,0
202,,,它都知道相处要开心，我却只知道喜欢就要说出来，忽视了对方的感受,0
202,,,那你还是别说了，我可不配做酒楼老板娘,0
202,,,其实老板娘少奋斗什么的，只是我靠近你的借口,0
202,,,我真正想说的是希望能和你同处一个屋檐下，抚平你紧皱的眉头，最近我感觉你压力很大，就想着自己能有一个身份就好了，这样就可以保护你，让你永远保持纯真，只做一个快乐的小朋友,0
202,,,没想到心还挺细的，但以后说话要清楚，别总把好话都说成了坏话,0
202,,,你在暗示我用更恰当的方式再和你表白？,0
202,,,我没说哈，你可别多想,0
202,,,你是喜欢我什么呢,0
202,,,（内心的变化）我也说不出来，只是觉得情感发乎于心，言语无法描述,0
202,,,其实那次晚宴过后我总是喜欢多看两眼人群，希望在人群当中能够看到你的身影，可希望总带来失望,0
202,,,很多人像你，但都不是你,0
202,,,你这种感觉会不会只是一时的新鲜感？,0
202,,,不可否认，你的出现确实带来了不一样的体验。你像蛮横打来的海浪，打乱了我的阵脚，但即便浪潮褪去，你依旧是我唯一的心动,0
202,,,我不愿做一只蜜蜂，采摘着各种熟透的花蜜，只想做园丁来亲手浇灌一朵花，见证一朵花的挣扎与成长,0
203,(green),answer,你跟我妈说一声吧，让她不要再去学游泳了,0
203,(red),question,？,0
203,(green),answer,第一次和你见面之后，她就去报了游泳班，还和我说如果你俩同时掉水里，我可以不用管她,0
203,(red),question,哈哈哈，阿姨好可爱,0
203,(green),answer,现在可爱，但要是知道我把事情搞成这样，我估计她会变得很可恶，我就会变得很可怜,0
203,,,不至于，我可以和阿姨说是我的原因,0
203,,,可我不想把你没犯过的错强加在你身上，我觉得人和人相处就应该坦诚,0
203,,,就像之前我本来是想告诉你，如果我们能够幸运的走到一起，未来你不会有任何的压力，我会给你所有力所能及的爱，可嘴笨反而让你生气了,0
203,,,没事，我知道你没有恶意，过去了就不用说了,0
203,,,没有恶意也不是我冒犯你的借口，就像插队的车，他们也没有恶意，只是想早点回家,0
203,,,（解决问题之后再展示一波态度）但造成交通堵塞就是事实，我不想我不经意的话再伤害到你,0
203,,,决心挺大的，就是不知道能不能做到,0
203,,,怀疑我的决心可以，只要不怀疑我的真心就好,0
203,,,我总觉得你就是年纪到了，想随便找个人凑合过,0
204,(red),question,好困啊，但是又睡不着,0
204,(green),answer,说吧，你要借多少？,0
204,(red),question,？,0
204,(green),answer,(抓不住） 都说女生半夜睡不着给你发消息，不是要借钱，就是对你有意思，我总不能这么自恋吧？,0
204,(red),question,哈哈，就是有点失眠了而已,0
204,(green),answer,陪聊50，深夜加班加20,0
204,(red),question,聊个天还收费，你这也太黑了吧,0
204,(green),answer,那不想收费也可以，有个办法可以让你终身免费，要不要考虑一下？,0
204,(red),question,我猜到你想说啥了，想套路我没门,0
204,(green),answer,那排除错误答案，真相只有一个，你在等一场入室抢劫的爱情,0
204,(red),question,啥意思？,0
204,(green),answer,（驾驭）不主动，不社交，也不想聊天，但是却渴望有一段轰轰烈烈的感情，这样的人可能只有入室抢劫的爱情才能够满足,0
204,(red),question,哈哈也没有，感情随缘就好,0
204,(green),answer,那我们可能没什么缘分了,0
204,(green),answer,我从来都不是一个相信缘分的人，我只相信我自己，面对喜欢的人和事就要勇敢去追求，等着天上掉馅饼不是我的风格,0
204,(red),question,其实你这样的态度挺好的，像我就不太行，毕竟伸手要来的糖，不如别人主动给的甜,0
204,(green),answer,小时候我妈就常说，不要吃陌生人给的糖，你长这么大，还不明白这个道理啊，小心被早有准备的人骗财骗色骗感情,0
204,(red),question,哈哈哈，那我是不是要提防你了？,0
204,(green),answer,（好色）肯定的啊，不过比起哪些身外之物，我对你人更感兴趣，你小心点,0
204,(red),question,原来还是个渣男,0
204,(green),answer,那就看你对于渣男的定义是什么，如果你觉得渣男是风趣幽默，体贴关怀，我想我就是渣男吧,0
204,(green),answer,但如果你指得是朝三暮四，从头到尾只享受暧昧，不在意陪伴的那种人，不好意思，我不想和这样的人相提并论,0
204,(red),question,生气了,0
204,(green),answer,你看都说女生想被认真对待，我就刚一认真你就慌了，是不是人被爱的时候就有点不知好歹？你是个连幸福都害怕的胆小鬼吗,0
204,(red),question,我性格确实挺犹豫，我也没办法,0
204,(green),answer,人永远无法明白某一刻的价值，直到这一刻变成回忆，不过我就不说那么多了，感觉我在强买强卖一样，你自己看着办,0
204,(red),question,别那么严肃,0
204,(green),answer,那怎么办？我认真了,0
205,(red),question,照完镜子感觉自己好丑啊,0
205,(green),answer,那你现在是素颜还是化妆了？,0
205,(red),question,化不化感觉都丑,0
205,(green),answer,虽然都丑，但丑的原因不一样,0
205,(red),question,哦,0
205,(green),answer,如果是化了妆的丑，那就是化妆品的原因，毕竟你底子那么好，化妆品的庸俗掩盖了你的美丽,0
205,(green),answer,如果是没化妆，那一定是镜子的问题，镜子的嫉妒隐藏了你的美丽,0
205,(red),question,哈哈,0
205,(red),question,虽然有点浮夸，但这个答案我喜欢,0
205,(green),answer,不过我有一个小小的建议啊，把你家的镜子摔了，用我的眼睛照,0
205,(red),question,为啥,0
205,(green),answer,因为在我眼里你是最美的,0
205,(red),question,玩尬的是吧？,0
205,(red),question,说真是，我在你眼里到底能打几分啊,0
205,(green),answer,实不相瞒，我对你有偏见,0
205,(red),question,啊，什么偏见啊,0
205,(green),answer,因为咱们见面的时间太少了，我只来得及看到你好看的一面,0
205,(red),question,哈哈，以后有的是时间让你看清楚,0
206,(red),question,好烦,0
206,(green),answer,听到你这么说，我还是挺开心的,0
206,(red),question,?,0
206,(green),answer,都说一个人心情不好，第一时间就是找喜欢的人分享自己的情绪,0
206,(green),answer,所以我很开心,0
206,(red),question,只是突然想起你了,0
206,(green),answer,理解,0
206,(green),answer,女生都爱口是心非嘛,0
206,(green),answer,嘴巴说的和想的是两码事,0
206,(red),question,这位朋友，你有点自恋了哈,0
206,(green),answer,没想到我们日日夜夜的聊天，在你看来还只是普通朋友,0
206,(green),answer,我还以为我在你心目中的分量和其他人不一样呢,0
206,(red),question,是不一样,0
206,(red),question,是特别的存在,0
206,(red),question,在我看来，跟你聊天会让我更开心，更放松，所以有点依赖,0
206,(green),answer,是啊毕竟我这个朋友就是免费的情绪垃圾桶，还时刻的关注你的一举一动，这种朋友确实难得,0
206,(green),answer,我以为我们是在谈感情，没想到是在做交易,0
206,(red),question,我只是开个玩笑而已,0
206,(red),question,只是在我看来，跟朋友交流起来会更轻松一点,0
206,(green),answer,每次你都用朋友身份把我堵得哑口无言,0
206,(green),answer,我算是看明白了,0
206,(green),answer,就算满眼是你，又如何深情专意又怎样,0
206,(green),answer,到头都是被拿来和朋友做比较,0
206,(green),answer,那我也没什么所谓了,0
206,(red),question,你们男生都是得到了就不珍惜,0
206,(red),question,谁知道你是不是真心的,0
206,"(green), (purple)",,真心太廉价了，就像破镜不能重圆，我不想我的真心拿出来被人反复试探，因为总会觉得对方会因为你的试探而有所回应，这也就意味着注定会失去,0
207,(red),question,不聊了，我追剧去了,0
207,(green),answer,科学研究表明，女生熬夜是会长胡子的,0
207,(green),answer,比如这样,0
207,(red),question,主要是这个剧太有意思了,0
207,(green),answer,什么剧那么好看？,0
207,(red),question,花间令，真的很好看,0
207,(green),answer,沒听过,0
207,(green),answer,不过还能比王先生和陈女士这样的大型爱情连续苦情剧好看呢,0
207,(red),question,谁和你爱情连续剧了,0
207,(green),answer,其实我也不想和你上演爱情连续剧,0
207,(red),question,？,0
207,(green),answer,因为爱情连续剧在最终修得成果之前，总会经历数不清的波折与误会，就连观众都看的揪心，当事人更不必说,0
207,(green),answer,（爱情的态度）所以如果获得爱情的代价是对方的伤痛，那我情愿不要,0
207,(red),question,其实普遍都是蛮狗血的剧情,0
207,(red),question,不过你可别误会了，只是刚好看你没睡，找你聊聊天,0
207,(green),answer,如果你只是闲着无聊才跟我聊天的话，那我还是把精力放在其他的事情上,0
207,(green),answer,比如怎么才能让我喜欢的人喜欢上我,0
207,(red),question,？,0
207,(red),question,你喜欢谁呀,0
207,(green),answer,这个人你也认识，但我不知道她喜不喜欢我，只能每天陪她聊天，但是因为嘴笨，又不知道聊些什么，所以也一直没试探岀来她对我到底什么想法,0
207,(red),question,我认识？ 谁呀？,0
207,(red),question,。。。,0
207,(red),question,你说的不会是我吧？,0
207,(red),question,。。。,0
207,(red),question,你真的喜欢我吗？,0
207,(green),answer,刷到喜欢的视频，我想第一时间给你分享，碰到好吃的美食，我也想第一时间带给你去感受一下，但我也不清楚这种分享欲是不是你说的那种喜欢,0
207,(green),answer,我总会不自觉的想了解你的一举一动，想再多去了解你，如果这是喜欢，那毫无疑问我是喜欢你的,0
207,(red),question,可是谈恋爱不是那么简单的事情,0
207,(red),question,身边那么多朋友都是为情所伤,0
207,(red),question,还不如聪明点，做朋友挺好的,0
207,(green),answer,你的聪明是打算𣎴推开我对你的好，而是选择推开我这个人，划清界限吗？,0
207,(red),question,你的意思是我不跟你在一起，你就不对我好？,0
207,(green),answer,我可以对你好，我可以时时刻刻的把你挂在嘴边，我可以义无反顾的付出，但那仅限于我的另一半，对于朋友我可没有单向付出的习惯,0
207,"(green), (purple)",,我从不刻意索取关系，但并不代表我不在乎你的心意，就算被拒绝我也不会后悔，也不应该是我后悔,0
208,(green),answer,我对你好，不是因为我傻,0
208,(green),answer,而是因为我觉得你一个女孩子需要别人照顾,0
208,(green),answer,但你现在给我的感觉是也不需要我的好,0
208,(green),answer,那我也没必要继续做这种出力不讨好还没有回报的事了,0
208,(red),question,不是你想的这样，我想你应该是误会了,0
208,(red),question,我只是在生气你没有重视我的生日而已,0
208,(green),answer,现在说这些还有什么用呢，以后我不会再对你白白付出了,0
208,(red),question,那你敢说你做这些不是对我有所企图吗？,0
208,(green),answer,我承认我对你有所企图,0
208,(green),answer,但你敢承认你对我是什么心理吗？,0
208,(red),question,我说这些不是在逼你,0
208,(green),answer,只是想告诉你，－切东西都是有来有回的,0
208,(red),question,没有什么是应该的，必须的,0
208,,,现在时间也不早了，你好好休息吧,0
209,(red),question,你在干嘛？,0
209,(green),answer,（抓住女生小心思）据说当女生想一个人的时候，想找他聊天都会问他在干嘛,0
209,(green),answer,所以当一个女生问你在干嘛呢，一定是想你了，才会主动找你聊天,0
209,(red),question,才没有，我就是有点无聊了,0
209,(green),answer,可是我不一样啊,0
209,(green),answer,我正在思考一些很特别的事,0
209,(red),question,什么事啊？,0
209,(green),answer,（调动女生情绪）思考你是不是因为想我才找我的,0
209,(red),question,哼，少臭美,0
209,(red),question,谁想你了,0
209,(green),answer,哈哈，逗你玩儿的,0
209,(green),answer,不过你要是无聊，我可以陪你聊聊天,0
209,(red),question,嗯嗯,0
209,(green),answer,（负面情绪）不过我也不一定及时回复,0
209,(red),question,爱聊不聊,0
209,(red),question,搞得我好像很想跟你聊天一样的,0
209,(green),answer,但是只要你需要我陪，我会随时出现在你的身边,0
209,(red),question,你现在怎么变得油嘴滑舌了？,0
209,(green),answer,变了？我以前是什么样的,0
209,(red),question,以前老老实实的，现在变得油嘴滑舌了,0
209,(green),answer,没想到你对我还挺关注的，感觉你好像比我还要了解我,0
209,(red),question,谁关注你了,0
209,(red),question,一定是之前不熟，现在原形毕露了,0
209,(green),answer,那是对别人油嘴滑舌，老实是留给特别的人,0
